KEY,KEY标签,店铺ID,店铺名称
周奇,S,634418210923138 ,Qian Gugu
周奇,S,634418212414811 ,Ling Daozhe
周奇,S,634418222692282 ,Yi Chen Fushi
周奇,S,634418222746812 ,Yi Xuan FuShi
周奇,S,634418213755266 ,Hui Guniang
周奇,S,634418215719586 ,Putaoshu
周奇,S,634418216266449 ,Da Xiaojie
周奇,S,634418216474598 ,Qian Daizi
周奇,S,634418216716288 ,Meng bali
周奇,S,634418211972264 ,Xiao Guli
Dress Brightly,S,634418210927341 ,Dress Brightly
Dress Brightly,S,634418211551563 ,Enchanting Elegance Boutique
Dress Brightly,S,634418211187819 ,Fashion Fusion Boutique
Dress Brightly,S,634418219079435 ,E legant Dream clothing
Dress Brightly,S,634418219620549 ,Confident elegant clothes
Dress Brightly,S,634418211136416 ,Chic Couture Boutique
Dress Brightly,S,634418222616098 ,BlinkBerry
Dress Brightly,S,634418225311635 ,StyleMixGallery
老罗,S,216110391455 ,OLY clothing
老罗,S,6241934883967 ,Heymolly
老罗,S,634418211963587 ,Plusley clothing
老罗,S,634418212970392 ,Elaina
老罗,S,634418219228973 ,ROWEN
老罗,S,634418226144807 ,ORXUPR
老罗,S,634418226194672 ,ORXUPR Clothing
老罗,S,634418226497311 ,ORXUPR STUDIO
嘉沪-J HU,S,634418219870560 ,J HU
嘉沪-J HU,S,634418222582479 ,J EZ
嘉沪-J HU,S,634418221182048 ,J MU
嘉沪-J HU,S,634418222052282 ,JHONG SWEET
嘉沪-J HU,S,634418226435874 ,J H O N G
嘉沪-J HU,S,634418226550022 ,Break the mood
嘉沪-J HU,S,634418226726718 ,J YE
嘉沪-J HU,S,634418227965945 ,J JIAN STUDIO
嘉沪-介绍,N,634418224301848 ,HaoYang LI
嘉沪-刘总,S,634418222057450 ,OYUE LIU
嘉沪-刘总,S,634418223984724 ,YU RONG LIU
嘉沪-刘总,S,634418226392356 ,FEI ChU
XIN LAN ZHU,B,634418226763194 ,XIN LAN ZHU
嘉沪-王总,N,634418223761971 ,LONG Shun Wang
上诚,S,52506058587 ,KKB ANGEL（上诚服饰）
上诚,S,634418211748965 ,TASTE SHOW
上诚,S,634418211774342 ,OVISION
上诚,S,634418211774895 ,GRACE GIRL
上诚,S,634418211895062 ,TIDAL FORCE
上诚,S,634418218246668 ,Simplicity two
上诚,S,634418218246965 ,implicit
上诚,S,634418218247785 ,originality five
上诚,S,634418218729813 ,Shinjuku T
上诚,S,634418219466832 ,MACANE
上诚,S,634418219466599 ,NANAKAS
上诚,S,634418226537181 ,caper soul
上诚,S,634418226539234 ,afield
上诚,S,634418226534950 ,fashion fronts
赵勇,S,634418212188399 ,Poetic Art
赵勇,S,634418215685762 ,ModaRiseww
赵勇,S,634418217318026 ,Bespoke uu
赵勇,S,634418218537185 ,Hesper ou
赵勇,S,634418221598513 ,SeasaltStyle
赵勇,S,634418223534284 ,BeachCode
赵勇,S,634418226062553 ,GIitchGIam
赵勇,S,634418226063141 ,SparkieSparkie
赵勇,S,634418224701591 ,MoonIitvogue
赵勇,S,634418224707372 ,RetroBIoom
赵勇,S,634418226061094 ,Dreamhousee
赵勇,S,634418224765925 ,BohoStyie
周定辉,S,634418210740536 ,KOYIYI  （棉服 羽绒服）-周定辉
周定辉,S,634418212390750 ,M MU
周定辉,S,634418214754513 ,MKOP IJN
周定辉,S,634418215708839 ,CAT KAI
周定辉,S,634418218028345 ,JIA JING
周定辉,S,634418224038399 ,LANYANGZE
Guangzhou Clothing,S,6196015661335 ,Garment Foreign Trade
Guangzhou Clothing,S,634418215722090 ,Serendipity search
Guangzhou Clothing,S,634418217332573 ,Winsh You Great Fortune
Guangzhou Clothing,S,634418217491393 ,UNIQUE L
Guangzhou Clothing,S,634418219483651 ,Love real intention
Guangzhou Clothing,S,634418224052357 ,Share my Costume 尾货店铺
Guangzhou Clothing,S,634418225707256 ,Sunshine Bright Clothing
Guangzhou Clothing,S,634418225708597 ,YiYang Womens Clothing
Guangzhou Clothing,S,634418223866158 ,Binbing clothing
Guangzhou Clothing,S,634418225706132 ,LaiCai Clothing
Guangzhou Clothing,S,634418225706616 ,Abundant wealth brings in clothing
Guangzhou Clothing,S,634418224606113 ,Manekineko clothing
Guangzhou Clothing,S,634418224746069 ,pachira macrocarpa costume
Guangzhou Clothing,S,634418225687607 ,Everyday Good Luck Clothing
Guangzhou Clothing,S,634418225690636 ,Happy clothing every day
Guangzhou Clothing,S,634418225536093 ,Miss yang cozy cottage
Guangzhou Clothing,S,634418225555097 ,Luowei Clothing
Guangzhou Clothing,S,634418228120422 ,Elan Wardrobe
王总 Bailey,S,634418211858825 ,Bailey Studio
王总 Bailey,S,634418211883812 ,Ainoyi H
王总 Bailey,S,634418211884549 ,Sowo Fashion
王总 Bailey,S,634418211885247 ,Orange K
王总 Bailey,S,634418212444883 ,oprah beauty
王总 Bailey,S,634418212461909 ,Lady Rhythm
王总 Bailey,S,634418214453572 ,Fengling Joy
王总 Bailey,S,634418217081795 ,DI WANG
Vintage Vibe Luna,A,634418220664651 ,Vintage Vibe Luna
Vintage Vibe Luna,A,634418225833752 ,FONG FANG
Vintage Vibe Luna,A,634418220667296 ,Luu Vintage
Vintage Vibe Luna,A,634418214165199 ,Eva Baby
Vintage Vibe Luna,A,634418216660569 ,Eva J
Vintage Vibe Luna,A,634418217096419 ,Eva JJ
Vintage Vibe Luna,A,634418225833434 ,Riviera R
Vintage Vibe Luna,A,634418226682347 ,Fashion clothes shop F
Rustic Charm Era 圆圈,A,634418220669794 ,Rustic Charm Era
Rustic Charm Era 圆圈,A,634418225195763 ,Elegant JJH
Rustic Charm Era 圆圈,A,634418228160611 ,Chic Graceful
hupanxiaozhen,A,634418215583950 ,hupanxiaozhen
hupanxiaozhen,A,634418221453020 ,meixuegenvzhuang
hupanxiaozhen,A,634418222682564 ,zongxinnvzhuang
hupanxiaozhen,A,634418226096814 ,chenyalannvzhuang 清仓
aeeillk,S,634418210799235 ,aeeillk
aeeillk,S,634418217506768 ,LYUU Studio
aeeillk,S,634418219280124 ,EIPP Studio
aeeillk,S,634418219106293 ,BIU Studio
aeeillk,S,634418215733550 ,Amog
aeeillk,S,634418211884702 ,GGUU
aeeillk,S,634418218225303 ,Buu Studio
aeeillk,S,634418219907827 ,DEDE Studio
aeeillk,S,634418219908333 ,DDCC Studio
aeeillk,S,634418219908684 ,DUDO STUDIO
aeeillk,S,634418221105279 ,A clothing stop
aeeillk,S,634418222017230 ,OLYU
aeeillk,S,634418221999976 ,GKKG
aeeillk,S,634418222702745 ,OYYKK
aeeillk,S,634418222703145 ,A sweater shopsss
aeeillk,S,634418222703258 ,AILEEC
aeeillk,S,634418227852582 ,Urban Edge SR
aeeillk 哥哥,C,634418220032910 ,Osmanthus sweater
aeeillk 哥哥,C,634418222064803 ,Top Ct
aeeillk 朋友,C,634418221928318 ,Boro AK
aeeillk 朋友,C,634418221965343 ,Boro SW
aeeillk 朋友,C,634418225460492 ,Boro YJ
aeeillk 朋友,C,634418225447310 ,Boro DX
aeeillk,S,634418213327822 ,Seven Star building Blocks
Qi Li fushi-老板侄子,C,634418226671820 ,CRFS Clothing
Qi Li fushi-TemuBig,N,634418226235000 ,TemuBig seller
Qi Li fushi-Super Friday U,C,634418222611948 ,Super Friday U
Qi Li fushi-Super Friday T,C,634418225111286 ,Super Friday T
Qi Li fushi-Super Friday T,C,634418226061170 ,Super Friday TS
Qi Li fushi-Super Friday T,C,634418226061240 ,Super Friday TL
Qi Li fushi-Super Friday S,C,634418222610109 ,Super Friday S
Qi Li fushi-Super Friday Q,B,634418222375630 ,Super Friday Q
Qi Li fushi-Super Friday Q,B,634418225851978 ,Super Friday QZ
Qi Li fushi-Super Friday Q,B,634418225851755 ,Super Friday QA
Qi Li fushi-Super Friday K,B,634418221950910 ,Super Friday K
Qi Li fushi-Super Friday K,B,634418225845450 ,Super Friday KC
Qi Li fushi-Super Friday K,B,634418225845243 ,Super Friday KA
Qi Li fushi-Super Friday I,B,634418221947690 ,Super Friday I
Qi Li fushi-Super Friday I,B,634418225843892 ,Super Friday IL
Qi Li fushi-Super Friday I,B,634418225843598 ,Super Friday IT
Qi Li fushi-Super Friday E,N,634418221922240 ,Super Friday E
Qi Li fushi-Super Friday D,A,634418221986976 ,Super Friday D
Qi Li fushi-Super Friday D,A,634418225842360 ,AoYing A
Qi Li fushi-Super Friday D,A,634418225841573 ,AoYing B
Qi Li fushi-Super Friday CY,C,634418227297074 ,Super Friday CY
Qi Li fushi-Lady First,N,634418226091849 ,Lady First C
Qi Li fushi-Lady First,N,634418226091987 ,Lady First A
Qi Li fushi-CNFS Clothing,C,634418226672119 ,CNFS Clothing
Qi Li fushi,S,634418214184777 ,Qi Li fushi
Qi Li fushi,S,634418214255921 ,Super Friday A
Qi Li fushi,S,634418214354827 ,Super Friday L
Qi Li fushi,S,634418215307432 ,Super Friday Y
Qi Li fushi,S,634418215307271 ,Super Friday R
Qi Li fushi,S,634418215307196 ,Super Friday F
Qi Li fushi,S,634418215307109 ,Super Friday X
Qi Li fushi,S,634418215306317 ,Super Friday M
Qi Li fushi,S,634418226914990 ,Super Friday AM
Qi Li fushi,S,634418226915584 ,Super Friday MC
orange,S,5975800788930 ,orange clothes
orange,S,634418218985646 ,seventy seven clothes
orange,S,634418219399321 ,top top clothes
orange,S,634418212314812 ,Eighteen day
orange,S,634418222517924 ,SIXTY EIGHT CLOTHES
orange,S,634418225736644 ,SIXTY SIX CLOTHES
orange,S,634418219205952 ,clean clothes OK
orange,S,634418212661864 ,Xingchenhaidi
orange,S,634418222960377 ,LIGUIFEN
orange,S,634418225770328 ,Sixty eight shop
orange,S,634418222369134 ,zhengmeimei
JIECHUN,S,634418212171744 ,JIECHUN CLOTHING
JIECHUN,S,634418217954289 ,BAICHENGSWEATER
JIECHUN,S,634418222791384 ,YBaiFashion
JIECHUN,S,634418225093333 ,Echo sweater
奔仕,S,634418212101323 ,Holy Moly
奔仕,S,634418213189674 ,Slim Shiny
奔仕,S,634418222796684 ,Taraffa
奔仕,S,634418225812037 ,Lowkey Styles
奔仕,S,634418226269364 ,The It Girl
张坤 NOVA LUNE,A,634418221793299 ,NOVA LUNE
张坤 NOVA LUNE,A,634418223420114 ,AZUREWHISPER
张坤 NOVA LUNE,A,634418223541540 ,DolceEscape
张坤 NOVA LUNE,A,634418224586319 ,AIRA WARDROBE
张坤 NOVA LUNE,A,634418225769826 ,LUMINA CHIC
张坤 NOVA LUNE,A,634418225828211 ,FEMIX
jiaxin,S,634418214216829 ,Fashion V-重点关注
jiaxin,S,634418213378731 ,Fashion C-重点关注
xingpai,B,634418211842057 ,xingpai
xingpai,B,634418214816801 ,XingYuY
xingpai,B,634418219019279 ,YUYIX
QCN,A,634418218959892 ,QCN
QCN,A,634418219864922 ,Poulia
QCN,A,634418219098328 ,SISKIN
QCN,A,634418218818042 ,QINGCHINIAO
QCN,A,634418224961781 ,FYXZ
东东自己负责,B,634418215859787 ,Youxu Design
东东自己负责,B,634418217331588 ,Beautiful Sisters Wardrobe
东东自己负责,B,634418217453354 ,Beautiful womans wardrobe  清库存
东东自己负责,B,634418217454758 ,Plus Size Womens Clothing Home
东东自己负责,B,634418217866797 ,FLORA LINGER
东东自己负责,B,634418219712350 ,Jiajiawomens clothing
东东自己负责,B,634418215840816 ,ClothingHolic
东东自己负责-刘建启,B,634418220865490 ,LQ clothing design
东东自己负责-刘建启,B,634418226321523 ,Liu Code Dresse
东东-罗显强,C,634418225048038 ,LXQPrime
东东-罗显强,C,634418228078023 ,LXY smart Pick
东东-A伟Cheer  up！,B,634418217919074 ,LTWomens fashion
东东-A伟Cheer  up！,B,634418226568200 ,FFWomens clothing
东东-A伟Cheer  up！,B,634418224301796 ,HanFashionable womens clothing
东东-A伟Cheer  up！,B,634418227500465 ,FFCCWomens clothing
东东-A伟Cheer  up！,B,634418219599869 ,JHSexy womens clothing
东东-A伟Cheer  up！,B,634418226621135 ,JJFashionable womens clothing
东东-袁先生,B,634418218744274 ,Beautys Wardrobe A
东东-袁先生,B,634418225631430 ,Xiao Xing Xing Yang
东东-袁先生,B,634418223969259 ,Womens clothing AA
东东-袁先生,B,634418227563622 ,Tip Top Lady
东东-袁先生,B,634418227713820 ,Tip Top women
东东-袁先生,B,634418225205788 ,graceful and erect A
东东-F-贤,C,634418225379620 ,HCHFS
东东-F-贤,C,634418227331550 ,PUHAOCHI
东东-F-贤,C,634418221551467 ,HAOJINGFS
东东-F-贤,C,634418227354105 ,HCJIA
东东-明天更好,C,634418219443666 ,DDML
东东-明天更好,C,634418221633770 ,HDSSMN
东东-刘最,B,634418219880876 ,Novel and original clothing
东东-刘最,B,634418217810768 ,ceoExperience Hall
东东-刘最,B,634418217810933 ,cfoExperience Hall
东东-刘最,B,634418227978862 ,Goddesss Harbor
东东-刘最,B,634418227543185 ,Hibiscus Atelier
东东-liubo,C,634418219441890 ,Popo Original
东东-邓文亮,B,634418217919554 ,DLLclothing
东东-邓文亮,B,634418218057424 ,D Fashion Brands
东东,C,634418219712022 ,Qiqi boutique womens clothing
东东,C,634418219889578 ,Dengs trend
东东,C,634418218022303 ,BoLXutique womens clothing
东东,C,634418221937525 ,LOVELJ
东东,C,634418222100534 ,OGLA
东东,C,634418221965830 ,The visitor is a guest friend
东东,C,634418219927713 ,Yiyun Fashion Museum
东东,C,634418220969608 ,liujunfs
东东,C,634418220969598 ,Trendy MM
东东,C,634418223241583 ,D Luna Luxe
东东朋友圈子-潘曦城,N,634418227556640 ,ZHUZHOUMANNIFUSHI
东东朋友圈子-潘曦城,N,634418227522949 ,pasonpan
东东朋友圈子-潘曦城,N,634418227900094 ,YIYAclothe
TOP ONE KA,S,634418210946513 ,TOP ONE KA
TOP ONE KA,S,634418213157146 ,SUPER SS
TOP ONE KA,S,634418212561676 ,INSS
TOP ONE KA,S,634418221738283 ,SUWAI
TOP ONE KA,S,634418222022934 ,SUNEW
Haski clothing,A,1442661917491 ,Haski clothing
Haski clothing,A,634418215387276 ,meiyilian
Haski clothing,A,1442663053334 ,Awesome Selection - Haski clothing
Haski clothing,A,634418220269961 ,xiangrange
Haski clothing,A,634418225931702 ,DangYiMei
Haski clothing,A,634418221578588 ,yiquanmei
Haski clothing,A,634418225932029 ,ShanJinYun
Macchiatto,A,93525831464 ,Macchiatto Red-毛绒外套
Macchiatto,A,5965222351481 ,Macchiato wardrobe
Macchiatto,A,5994177290417 ,Miss Orange fast fashion
Macchiatto,A,634418217648288 ,Macchiatto Orange
Macchiatto,A,5994176304706 ,Miss Orange fast fashion women
Macchiatto,A,634418219930589 ,JIMIJIMIFFF
SUKI,S,634418221904152 ,A beautiful girl love
SUKI,S,634418227919498 ,Ala Girls Clothing
SUKI,S,634418227919480 ,SaLa Girls Clothing
SUKI,S,634418227919466 ,NANaLA Girls Clothing
SUKI,S,634418227919397 ,BTBT Girls Clothing
SUKI,S,634418222330546 ,SukiClothing
SUKI,S,634418227867696 ,Beautiful Goddess Loungewear
SUKI,S,634418227867864 ,Goddess loungewear
SUKI,S,634418224892288 ,Beautiful Girl Clothing A
SUKI,S,634418226261208 ,Yoyos girl
SUKI,S,634418227628092 ,Good Agy
SUKI,S,634418227868727 ,Beautiful Goddess Attire
SUKI,S,634418227869039 ,TSY Girl
SUKI,S,634418227869074 ,TT Girls clothing
SUKI,S,5982068677973 ,URYOU
URYOU,B,634418213253904 ,CBeY
URYOU,B,634418213808363 ,UDWUR
URYOU,B,634418226923591 ,Femme Aura
URYOU,B,634418227375661 ,Candy Nook
苏丹,A,634418212788007 ,Rose of sharon
苏丹,A,634418219024695 ,Yalou Lady
苏丹,A,634418225254665 ,Enlure Clothing
苏丹,A,634418221743506 ,Lynka fashion
苏丹,A,634418228067495 ,The lychees are ripe
苏丹,A,634418225029007 ,Peajoy Clothing
苏丹,A,634418222629303 ,Unnn Clothing
苏丹,A,634418227906969 ,Meiyang Apparel
Xiangduo 香朵家,B,634418220967982 ,Xiangduo Home Clothing
Xiangduo 香朵家,B,3481108329453 ,Michaya costume
Xiangduo 香朵家,B,3481109297392 ,Awesome Selection - Michaya costume
Xiangduo 香朵家,B,634418223516994 ,Mijieya Clothing
KSH,B,634418213915886 ,KSH
KSH,B,634418215712836 ,KAI XUN
KSH,B,634418224351933 ,MU CHU Clothing
陈琳,A,634418219751246 ,Destin A
陈琳,A,634418223947136 ,BreezyCloset
陈琳,A,634418225642471 ,Stephanie A
陈琳,A,634418225637542 ,Bianca A
陈琳,A,634418225546578 ,H pei
陈琳,A,634418225650330 ,Hallo pei
陈琳,A,634418225649081 ,Hi pei
陈琳,A,634418219136278 ,Zap Wavers
陈琳,A,634418218549887 ,SALMOPaa
陈琳,A,634418226034868 ,JELLYSUSU
陈琳,A,634418222688616 ,ZENGQINGYU
陈琳,A,634418222204630 ,Sunday CZJ
陈琳,A,634418216569823 ,Manchi CZJ
陈琳,A,634418218816137 ,Fashion GYL
陈琳,A,634418225704706 ,Fashion G L
陈琳,A,634418225702878 ,FashionGL
陈琳,A,634418218009462 ,QueenaMM
陈琳,A,634418223695426 ,YanQinghaunmeizuo
陈琳,A,634418224145387 ,QINQINHUAN
陈琳,A,634418218304490 ,A MUSES
陈琳,A,634418216847756 ,Vivantia L
陈琳,A,634418219062752 ,Glamour R
陈琳,A,634418218853425 ,YTFS
陈琳,A,634418219697024 ,ahlsen A
陈琳,A,634418218722523 ,SexyBaby A
陈琳,A,634418218816152 ,Fashtion Y
陈琳,A,634418225702867 ,ISLucy
陈琳,A,634418217128065 ,Juneday M
陈琳,A,634418219613889 ,MYOKIE
陈琳,A,634418224702694 ,EVB RED
陈琳,A,634418225594816 ,EVB YE
陈琳,A,634418225391764 ,LSwomens
陈琳-和天,C,634418217886173 ,Floralee A
陈琳-和天,C,634418222532985 ,ONE rich
陈琳-和天,C,634418221872686 ,Minimal Z
陈琳-和天,C,634418224872347 ,Graceful Figure space
陈琳-和天,C,634418218982043 ,FASHION AA
陈琳-和天,C,634418221384920 ,L GOELIA
陈琳-和天,C,634418219121902 ,WOMENS TR
陈琳-和天,C,634418221346920 ,SHE A
陈琳-和天,C,634418221322739 ,Sweet Girl A
陈琳-和天,C,634418221605020 ,Fashion house K
陈琳-和天,C,634418222757089 ,FreesiaChic
陈琳-和天,C,634418225885248 ,FreesiaChic Plus
陈琳-和天,C,634418225884780 ,FreesiaChicA
陈琳-和天,C,634418224959192 ,DNZE A
Ran Zhi,B,634418210912894 ,Ran Zhi
Ran Zhi,B,634418218079806 ,YinRuYu
Ran Zhi,B,634418218423493 ,aanDuoDuo
Ran Zhi,B,634418211909967 ,ZIYIBAO
Ran Zhi,B,634418215687529 ,HQFUSHI
Ran Zhi,B,634418218505911 ,Strive for luck
Ran Zhi 亲戚,N,634418227395594 ,ChunLinYiFang
熊总,A,634418211142200 ,Your Fashion X
熊总,A,634418212525278 ,GYour Fashion W
熊总,A,634418211510094 ,Your fashion S
熊总,A,634418212421076 ,Super Friday W
熊总,A,634418219409688 ,Your Fashion D
熊总,A,634418216426216 ,Your Fashion one
熊总,A,634418216428176 ,Your Fashion two
熊总,A,634418210633411 ,Your fashion M
熊总,A,634418216428800 ,Your Fashion three
熊总,A,634418212700967 ,stylish wardrobe A
晟佰为,A,72911465528 ,HelloBeautygirl
晟佰为,A,634418225474616 ,One Girl wardrobe
xie?bi?ring,A,634418221251759 ,xie?bi?ring
xie?bi?ring,A,634418221672346 ,Oulebao
鸿安服饰,B,634418222009436 ,Hong Zhang Apparel
鸿安服饰,B,634418227517435 ,Yishang Apparel
鸿安服饰,B,634418223965851 ,Liu Naitang Apparel
鸿安服饰,B,634418227089546 ,QQ Babyv
鸿安服饰,B,634418227986416 ,CG Fashion House
Fantastic,A,634418211032071 ,Fantastic dreams
Fantastic,A,634418218165521 ,DAFA STUDIO
Fantastic,A,634418219132133 ,TWO DAFA STUDIO
Fantastic,A,634418219315824 ,THREE DAFA STUDIO
Fantastic,A,634418225736667 ,Three Fantastic dreams
Fantastic,A,634418225701302 ,Two Fantastic dreams
仇总,B,634418218944223 ,The Glamour Closet
仇总,B,634418221812699 ,EuroChic Floral Fashions
仇总,B,634418226432652 ,Meilifang Womens Clothing
仇总,B,634418226432506 ,Yalishen Womens Clothing
仇总,B,634418226432370 ,Shimeiling Womens Clothing
仇总,B,634418222775694 ,Auroras Attire
仇总,B,634418223846057 ,Platinum Chiffon
申华,B,634418211324057 ,Jungfraujoch
申华,B,634418225688390 ,Opal Muse
申华,B,634418225686662 ,Suede Jacket
申华,B,634418213162608 ,Dancing Tops
申华,B,634418215766726 ,Dancing Vetements
申华,B,634418215766574 ,Dancing Clothing
申华,B,634418215766328 ,Dancing Garments
申华,B,634418212723040 ,Elegantone
申华,B,634418218906857 ,Dancing Apparel
申华,B,634418225692608 ,Velora Clothing
申华,B,634418225491580 ,Lunaire Clothing
申华,B,634418225954232 ,style veluara
申华,B,634418225954048 ,style suvella
申华,B,634418225954810 ,Hoo Suvara
申华,B,634418225955002 ,Wow Veydra
申华,B,634418225955239 ,Suvelle Atelier
申华,B,634418227242531 ,Jane Rithm
申华,B,634418227242664 ,Montrion
JJJYYY,B,634418220436169 ,S ERQ
JJJYYY,B,634418222075180 ,SE RQ
和煦,A,634418209735380 ,FRHZFZ
和煦,A,634418226243068 ,FR QTONE
和煦,A,634418211702892 ,FRHZFZ Lovely
和煦,A,634418214447392 ,FR Style
和煦,A,634418218470351 ,LP For Ever
WDnvzhuang,A,634418222783414 ,WDnvzhuang
WDnvzhuang,A,634418224480851 ,Crysmist
WDnvzhuang,A,634418227902338 ,Ruaa
唐总 宇鸽,B,634418223696071 ,Glorious Season
唐总 宇鸽,B,634418225755987 ,Glorious Ladys
唐总 宇鸽,B,634418225704988 ,Glorious Times
唐总 宇鸽,B,634418225116213 ,Naughty Elf
Topsmm,B,634418210175379 ,K Six
Topsmm,B,634418226093047 ,AYZX 低价
Topsmm,B,634418210175383 ,HeShin
Topsmm,B,634418211076163 ,Topsmm
Topsmm,B,634418218335339 ,YLBD
Topsmm,B,634418225964246 ,AinZaya
Zaya,B,634418218274138 ,Zaya
Zaya,B,634418218757732 ,Yimeier xiu
Zaya,B,634418227332376 ,Fayshow ni
Zaya,B,634418224056948 ,Zhu sneng
Zaya,B,634418225964419 ,zhu ting ting
Zaya,B,634418225747743 ,Daixy
Eclara,B,634418222495052 ,Eclara
Eclara,B,634418227593590 ,MinMuse
万臻源,A,4708580097462 ,Linhua
万臻源,A,4586290130251 ,Wan Zhenyuan clothing
万臻源,A,4586291217985 ,Awesome Selection - Wan Zhenyuan clothing
万臻源,A,634418221987148 ,Zhangzhenxiao
AYiYi Studio,B,634418219130899 ,AYiYi Studio
AYiYi Studio,B,634418211994575 ,Kelimu
AYiYi Studio,B,634418211980112 ,Deemi
AYiYi Studio,B,634418212784784 ,Demii
星哥,B,4759572010844 ,Toucan womens clothing
星哥,B,634418225807807 ,Tleone
星哥,B,634418225809627 ,Timer womenswear
星哥,B,634418220785330 ,Surd womens clothing
星哥,B,634418225760682 ,Sakura Lady
星哥,B,634418225809875 ,Splash Fashion
星哥,B,634418224940800 ,Ans womens clothing
星哥,B,634418225811548 ,Arace womenswear 尾货店铺
星哥,B,634418225812182 ,Abroad womenswear
星哥,B,634418225332095 ,Lavender womens clothing
星哥,B,634418225797281 ,Lively Chic
星哥,B,634418225812169 ,Lullaby Threads
Bianca to Bianca,B,634418220951837 ,Bianca to Bianca
Bianca to Bianca,B,634418224843706 ,a sexy baby
XINBAOLAI,B,634418212425613 ,XINBAOLAI
XINBAOLAI,B,634418212467399 ,XINBAOltk
XINBAOLAI,B,634418212439730 ,XINBAOLAItz
DUOZIMEIMEI,B,634418223777521 ,DUOZIMEIMEI
DUOZIMEIMEI,B,634418224642860 ,DZMM
sWhite cloud,B,634418210977447 ,sWhite cloud
sWhite cloud,B,634418225604237 ,LC Elegant womens clothing
sWhite cloud,B,634418214455437 ,Black elegance
sWhite cloud,B,634418220476750 ,YYJNX
吴总-吴雁祥,B,634418224143983 ,knitheaven
吴总-吴雁祥,B,634418226671162 ,abayawork
吴总-吴雁祥,B,634418225132265 ,ZHBEAUTYY
魏总-裤王-万姊千合 运营2组,B,634418224382570 ,BMCY
魏总-裤王-万姊千合 运营2组,B,634418224381313 ,WENJUNfahion
魏总-裤王-万姊千合 运营1组,C,634418221798447 ,JIA YUAN fashion
魏总-裤王-万姊千合 运营1组,C,634418221800621 ,BO YA fashion
魏总-裤王-万姊千合 运营1组,C,634418226093869 ,WJGfahion
魏总-裤王-万姊千合 运营1组,C,634418226094824 ,YGTfashion
MAMA CHAU,B,634418219097746 ,MAMA CHAU
MAMA CHAU,B,634418227037580 ,MAMA CHAU Womens clothing
MAMA CHAU,B,634418219144295 ,Minimal Chic Closet
MAMA CHAU,B,634418227396588 ,Maimaiqiu Womens Clothing
Melia,B,3043267635125 ,Melia
Melia,B,634418214468341 ,Shengya Clothing
Melia,B,634418219440338 ,Yapan Fashion Clothing
Melia,B,634418225404960 ,shenghang apparel
Mani language,B,3432079811087 ,Mani language
Mani language,B,3432080684557 ,Awesome Selection - Mani language
Mani language,B,634418224163309 ,Rebecca Fashion Womens Clothing
歆歆女装-琪煜之家,B,634418220953807 ,xinxin nvzhuang
歆歆女装-琪煜之家,B,634418226569118 ,ZHIYUAPPARE
歆歆女装-琪煜之家,B,634418224042586 ,BB Chic Boutique
歆歆女装-鄢梓阳,C,634418221416968 ,tingting nvzhuang
歆歆女装-鄢梓阳,C,634418225781933 ,leilei nvzhuang
歆歆女装-鄢梓阳,C,634418224883133 ,Duo mi Clothes
Red Yangyang 阿阳,B,5518229275458 ,Red Yangyang
Red Yangyang 阿阳,B,5518230742462 ,Awesome Selection - Red Yangyang
Red Yangyang 阿阳,B,634418223018903 ,YZFSC
Red Yangyang 阿阳,B,634418221159270 ,ZIANGFUSHI
谢总-JOINT,B,634418225133749 ,JOINT MANUFACTURING
YIMEIMIAOXIN,B,634418223978533 ,DONGLILINGLI
YIMEIMIAOXIN,B,634418212692381 ,YIMEIMIAOXIN
Fashion yk,B,1198569954750 ,Fashion yk
武总,B,634418222766752 ,HechuangFS
武总,B,634418222820035 ,gz shekafushi
黄俊,C,634418223125794 ,XKT Shop
黄俊,C,634418222741876 ,HTF Shop
鼎熙,B,634418222323129 ,Ssurprise couture
鼎熙,B,634418224961310 ,Antique Silhouette
YISHIYONG,B,634418222213183 ,YISHIYONG
YDJX 郑总 裤子,B,634418224489019 ,YDJX
YDJX 郑总 裤子,B,634418227647613 ,YDRY
twocarats,N,634418224272135 ,twocarats
twocarats,N,634418226343617 ,Novai
MIEGOFCE,C,2922229768021 ,MIEGOFCE
Modern Chic Lane,B,634418221209523 ,Modern Chic Lane
Modern Chic Lane,B,634418226172850 ,MEIYI CLOTHIN
Modern Chic Lane,B,634418222456403 ,SHU HENG CLOTHING
Modern Chic Lane,B,634418224881225 ,FEIER COSTUME
Bin Bin Fashion,C,634418213700426 ,Bin Bin Fashion Womens Wear
Bin Bin Fashion,C,634418219210524 ,Ccchicchic Clothes
Bin Bin Fashion,C,634418219209866 ,ChicChic Clothes
Bin Bin Fashion,C,634418220795373 ,xinjinxuanshishangfushi
Bin Bin Fashion,C,634418223840533 ,Douzibang
Bin Bin Fashion,C,634418219210561 ,Luxury Fashion Womens Clothing
Bin Bin Fashion,C,634418227844805 ,Weaving Light
Taylor dresses,B,634418216800596 ,Taylor dresses
Taylor dresses,B,634418217874222 ,Miss LIUOO
Roost Dai,C,634418226620020 ,Roost Dai
ZetaGlam,N,634418227639852 ,ZetaGlam
Khloe 沧海,B,634418213382230 ,Khloe
Khloe 沧海,B,634418225567726 ,Choomi
Parababy,B,634418215535419 ,Clarababy
Parababy,B,634418220879733 ,Parababy
Parababy,B,634418226932418 ,Wardrobe Roaming
LLX-谢总,C,634418221597558 ,Pi County Lord
LLX-谢总,C,634418227242230 ,Pi County Lord one
LLX-谢总,C,634418227242637 ,Pi County Lord Two
LLX-谢总,C,634418227976543 ,SSMZP
LLX-二楼,C,634418218981650 ,MLJfushi
LLX-二楼,C,634418221603843 ,MINGLIJIE
LLX-林总,C,634418219484626 ,YLMLJ
LLX-林总,C,634418218498188 ,qilinlin
LLX-林总,C,634418221766258 ,linmiaomiao
LLX-林总,C,634418221990004 ,
LLX-林总,C,634418222023507 ,KLclothingstudio
LLX-彭总,C,634418210889113 ,HUA LI FASHION
LLX-彭总,C,634418225047545 ,YLQWH
LLX-彭总,C,634418227166118 ,YOULFUSHI
LLX-彭总,C,634418227401547 ,DYFCSWS
LLX-彭总,C,634418227491771 ,XFDress
LLX-彭总,C,634418227527932 ,PFXDM
芮羽服装厂,B,634418221044566 ,Shencui
王鹏,B,634418225975166 ,wenwanfuren
王鹏,B,634418226888043 ,wangpengyiyi
王鹏,B,634418226892212 ,The Style Chapter
吴总 Nova Veil,C,634418224135774 ,Nova Veil
Poetic,B,634418220911356 ,Poetic womens clothing
Poetic,B,634418225597066 ,uyfu Clothing
Poetic,B,634418225596916 ,GHCH Clothing
Poetic,B,634418212235185 ,Coco Li Clothing
Poetic,B,634418225592957 ,MHOC Clothing
Poetic,B,634418225592430 ,DMC Clothing
阿豪,B,634418220446329 ,TaaT clothing
阿豪,B,634418222373635 ,DTTAH clothing
阿豪,B,634418225765720 ,Hongbo Family Clothing
德成,B,634418223461498 ,FlexnWear
德成,B,634418227793183 ,Aery Studio
熊彪,C,634418222326517 ,Eclare
熊彪,C,634418225324156 ,Eclare XB
SMH STUDIO,B,634418224321775 ,SMH STUDIO
SMH STUDIO,B,634418225852678 ,BFLCFF
SMH STUDIO,B,634418227721734 ,MEILI XIE
Mei Yi Fu,B,634418212413699 ,Mei Yi Fu
Mei Yi Fu,B,634418215756521 ,Mei Hao Wei Yi
Mei Yi Fu,B,634418215755812 ,Mei Li Nv Hai
Mei Yi Fu,B,634418212450990 ,Yi Bai Du
Mei Yi Fu,B,634418215755110 ,YI ZHI LIAN
Mei Yi Fu,B,634418215754831 ,CHAO YI FANG
Mei Yi Fu,B,634418222747721 ,YI SHI JIE
Mei Yi Fu,B,634418226590111 ,YI ZHI XIU
Mei Yi Fu,B,634418227075562 ,Xiao Shan Fang
黄朴,C,634418223120578 ,HFCDL
黄朴,C,634418226011695 ,YJL Fashionable clothing
黄朴,C,634418226010873 ,HXP Casual Clothing
Baina,B,634418222840364 ,apapacho
Baina,B,634418226418651 ,Apapachoes
Baina,B,634418226423149 ,Apapachoas
Baina,B,634418225035682 ,Butch
ECAFIL,B,634418224456088 ,ECAFIL
ECAFIL,B,634418225072845 ,yikafeier
魏总,C,634418225099001 ,Rrfz
魏总,C,634418225889188 ,ZZTFZ
魏总,C,634418225889859 ,TZZFZ
Lele cloth 付总,B,634418221693837 ,Lele cloth
Lele cloth 付总-单独运营,N,634418224591654 ,DuoduoMei Clothing
鸿叶毛织,C,634418222694785 ,HongYe Woolen Weaving
quality womens,C,634418209573127 ,quality womens wear
唐总 公明,C,634418225132869 ,ClothYii
唐总 公明,C,634418225673357 ,EvaCloset
唐总 公明,C,634418225675805 ,AuraDresss
Shine sou A,B,634418223338934 ,Gr Growth F
Shine sou A,B,634418223339854 ,Shine sou A
Shine sou A,B,634418222922727 ,Gr Growth A
Shine sou A,B,634418227132710 ,Gr Growth B
Shine sou A,B,634418227132887 ,Gr Growth C
Shine sou A,B,634418227145265 ,Shine soul K
Shine sou A,B,634418227145683 ,Shine soul Q
Shine sou A,B,634418227145730 ,Shine soul H
Shine sou A,B,634418227119180 ,Shine soul N
Shine sou A,B,634418227144778 ,Shine soul Y
Shine sou A,B,634418227144938 ,Shine soul X
SAILINK 蔡总,C,634418217404336 ,SAILINK
SAILINK 蔡总,C,634418219931245 ,DATY MOD
周得新 Shen Huxi,C,634418222821634 ,Shen Huxi
周得新 Shen Huxi,C,634418224339297 ,coconut CAT
周得新 Shen Huxi,C,634418222820499 ,
周得新 Shen Huxi,C,634418224736209 ,Lollypop
周得新 Shen Huxi,C,634418224309428 ,SPARKLE BRIGHTLY
The desire,B,634418224822060 ,The desire to shop
Xixiha,B,634418218934393 ,Xixiha womens
Xixiha,B,634418220417275 ,TIANJINXI
Aiyang-张丽敏-B红主体-林宏治负责,C,634418217144788 ,Alamee
Aiyang-张丽敏-B红主体-林宏治负责,C,634418217273712 ,Alauu
Aiyang-张丽敏-B红主体-林宏治负责,C,634418218239165 ,CHINGE
Aiyang-张丽敏-B红主体-林宏治负责,C,634418219317455 ,LIVII
Aiyang-张丽敏-B红主体-林宏治负责,C,634418221516981 ,Alashaa
Aiyang-张丽敏-B红主体-林宏治负责,C,634418221512084 ,Ala Vogue
Aiyang-张丽敏-B红主体-林宏治负责,C,634418222188170 ,Alavv
Aiyang-唐大强-福聚主体,N,634418213411666 ,ailoveme
Aiyang-唐大强-福聚主体,N,634418217138235 ,AiHotSellers
Aiyang-唐大强-福聚主体,N,634418219692744 ,AiEGS
Aiyang-唐大强-福聚主体,N,634418219723590 ,Aipaci
Aiyang-唐大强-福聚主体,N,634418220066627 ,C Stardust Boutique
Aiyang-唐大强-福聚主体,N,634418219274161 ,Aibody
Aiyang-欧阳-B红主体-林宏治负责,C,634418212986047 ,Aiyang
Aiyang-欧阳-B红主体-林宏治负责,C,634418215088505 ,Aijewels
Aiyang-欧阳-B红主体-林宏治负责,C,634418216999546 ,Aibp
Aiyang-欧阳-B红主体-林宏治负责,C,634418214444545 ,Aiclean
Aiyang-欧阳-B红主体-林宏治负责,C,634418218589811 ,Aiwork
Aiyang-欧阳-B红主体-林宏治负责,C,634418215036873 ,Aisport
Aiyang-欧阳-B红主体-林宏治负责,C,634418215088649 ,Aicasual
Aiyang-欧阳-B红主体-林宏治负责,C,634418219790453 ,Aibig
Aiyang-欧阳-B红主体-林宏治负责,C,634418220432992 ,Aiclothings
Aiyang,N,634418216551970 ,YimiSun
Aiyang,N,634418216608646 ,Jinyaos Dream
Aiyang,N,634418219201436 ,Aiyoufeng
Aiyang,N,634418219199828 ,Aiyoujie
仟衣美服,C,634418221967013 ,XIANTAOLUO
仟衣美服,C,634418222091883 ,Chu Xiantao Clothing
Marcus,B,634418210931364 ,Hope Star Beidou
Marcus,B,634418225625643 ,naxinnaxinnaxin
Marcus,B,634418225625889 ,naxinnaxinnaxin
Marcus,B,5153621910514 ,xialuxialugogogog
Marcus,B,634418225624502 ,xiaxiaxialu
Marcus,B,634418225625224 ,xxianaxin
LINGSHOW,C,634418220585059 ,LINGSHOW
梵海服饰,C,634418220898156 ,Fanhai clothing
梵海服饰,C,634418222300193 ,ChengHaoFushi
梵海服饰,C,634418223550747 ,ShaoYunfushi
梵海服饰,C,634418223551800 ,FvvFuShi
梵海服饰,C,634418223591180 ,JiaChenFushi
夏总,C,634418221248753 ,A Judy
夏总,C,634418221343844 ,A Cady
刘思远 刘总,B,634418221109616 ,Vortext
刘思远 刘总,B,634418221318900 ,EbonVesper
刘思远 刘总,B,308120113082 ,JellyBelle
刘思远 刘总,B,634418225665205 ,CinderLace
刘思远 刘总,B,634418224833377 ,Solstice Bloom
刘思远 刘总,B,634418225572283 ,Noctilune
刘思远 刘总,B,634418223940911 ,UniGlow
刘思远 刘总,B,634418223904448 ,Lulue
刘思远 刘总,B,634418221318149 ,Amorette
刘思远 刘总,B,634418225576838 ,Pure Grain
刘思远 刘总,B,634418225910211 ,Star Shines
Omy Clothing 莎莉,B,634418211845394 ,Omy Clothing
Omy Clothing 莎莉,B,3042889183060 ,YIYI clothi
Omy Clothing 莎莉,B,634418213461157 ,Amyli Clothing
Omy Clothing 莎莉,B,634418221680468 ,the Lily Clothes
yunxiyan,N,634418221048193 ,yunxiyan
yunxiyan,N,634418210139225 ,Miss Jingyun
yunxiyan,N,634418210139229 ,Awesome Selection - Miss Jingyun
阿海 MengJief,C,634418224160874 ,MengJiefuzhuang
阿海 MengJief,C,634418225687555 ,wanglaifushi
阿海 MengJief,C,634418225677230 ,floatingfushi
阿海 MengJief,C,634418224019124 ,mengxiangfushi
阿海 MengJief,C,634418225303096 ,YouMiMifushi
TL Global Vogue,C,634418215501833 ,TL Global Vogue
TL Global Vogue,C,634418221184402 ,LEWEI Global Fashion
TL Global Vogue,C,634418227759835 ,CXL Global Fashion
龙鼎服饰,B,634418221448726 ,AURORAE Li
龙鼎服饰,B,5874626710851 ,SOLKATT DA
姜勇-姜总,C,634418221641868 ,Skilled tailor
姜勇-姜总,C,634418224267426 ,JianShang Clothing
姜勇-姜总,C,634418225562411 ,Dress of the beauty
JINYANFUSHI,C,634418212072655 ,JINYANFUSHI
JINYANFUSHI,C,634418218436022 ,ZEYANDRESS
初见,B,4934665587260 ,firstsight
初见,B,634418214872153 ,H S L
Starism AJ,C,634418222931278 ,Starism AJ
KCZ,C,634418212414642 ,KCZ
KCZ,C,634418219906482 ,GIGIs Elegant Dress
Sunny Sunday Wear,B,634418223607030 ,Sunny Sunday Wear
Sunny Sunday Wear,B,634418227012223 ,Midsummer Dream Clothing
发哥,B,634418221873125 ,Vanythras
发哥,B,634418221973267 ,Hep Clothes
发哥,B,634418227324760 ,Syllis
DOUZIDOUCAI,C,634418211949042 ,DOUZIDOUCAI
HT dress,C,634418212173838 ,HT dress
伍总,C,634418223984187 ,YLS Vogue
伍总,C,634418228096705 ,YLSTOW
YaTingLi,C,634418212144159 ,YaTingLi
YaTingLi,C,634418212987962 ,zhuYaTingLi
Haveyour,B,634418221323155 ,Haveyour clothes
冯俊 冯总,C,634418222052312 ,Ba Fang Jin Cai
冯俊 冯总,C,634418226371521 ,Yi Ma Dang Xian
柒柒,C,634418217229801 ,Delara
Pavilion,B,634418221397255 ,Clothes Pavilion
Pavilion,B,634418222278449 ,shiyanyayun-清仓店铺
Pavilion,B,634418221208839 ,GOODGU
Pavilion-单独对接,N,634418224273086 ,ClothIsland
Pavilion-单独对接,N,634418225231662 ,Global Weaving Universe
Bloomirage,N,634418223859779 ,Bloomirage
Wanfengxuxu,N,634418224046497 ,Wanfengxuxu
nightclub,C,634418213079932 ,nightclub（有店铺在1组）
网纱Elegant,C,634418220505045 ,ElegantHarmony
网纱Elegant,C,634418221977626 ,Evelynne
网纱Elegant-单独拉群对接,C,634418224602583 ,CEHN JIE
网纱Elegant-单独拉群对接,C,634418222461043 ,look what
GZYQFS,C,634418221979155 ,GZYQFS
Deliza-运维,C,634418220526247 ,Deliza
胡福生,C,634418221173323 ,Guangzhoushiyierjiafushishangxing
胡福生,C,634418221394813 ,Yiyijiajia
luosheng,C,634418219172456 ,luosheng clothing
EccChic,C,634418219884962 ,EccChic
秀米,B,634418224861921 ,MOXIE MUSE
秀米,B,634418225763231 ,LAVAST
秀米,B,634418225965783 ,ELLIN
JJRC SWEATER,C,634418218625487 ,Unique Sweater Workshop
JJRC SWEATER,C,634418218625947 ,Charm Knitted
JJRC SWEATER,C,634418220103708 ,beiybeiybeiy
JJRC SWEATER,C,634418220105300 ,Breezy Frocks
JJRC SWEATER,C,634418220106295 ,beibbhhhf
JJRC SWEATER,C,634418220108149 ,beiybeiybeiu
JJRC SWEATER,C,634418220109914 ,Lacy Frocks
JJRC SWEATER,C,634418220110990 ,beiybeiybeiyy
JJRC SWEATER,C,634418219768537 ,DFD ONE
JJRC SWEATER,C,634418225909815 ,DFD TWO
JJRC SWEATER,C,634418225910467 ,DFD THREE
美冰,C,634418215379260 ,Beautiful Luna
美冰,C,634418214667530 ,Texong
MOREFREE STYLE,C,634418224964294 ,Flow Lace
GlamourArmoire,C,634418222757059 ,GlamourArmoire
黄总,C,634418222934977 ,BALAILAI
学彬,C,634418210950713 ,CHICNOVA-oem
学彬,C,634418212062539 ,HAWE-oem
学彬,C,634418212894535 ,DaisyDress
学彬,C,634418212934695 ,TEZZY
学彬,C,634418219927729 ,AISIHA
学彬,C,634418220020177 ,DaisyLover
学彬,C,634418220020442 ,SEAFUN
学彬,C,634418219753398 ,DivaVoyager
学彬,C,634418225206279 ,ViviCloset
MNDZ,C,634418213330053 ,MNDZ
欧小姐,C,634418219017539 ,YZ sweaters
欧小姐,C,634418222145983 ,Giftu sweater
欧小姐,C,634418226874386 ,YingZheng fashion
HYWWW,B,634418222652462 ,HYWWW
HYWWW,B,634418227862854 ,KUTT
HYWWW,B,634418228194383 ,Li Muzi Apparel
HYWWW,B,634418227070459 ,JJTTM
HYWWW,B,634418227963324 ,XRXRXR
HYWWW,B,634418228194836 ,Wanglai Apparel
HYWWW,B,634418227679077 ,TTYMM
HYWWW,B,634418227962966 ,XXMMR
Eva Closet,C,634418222978621 ,Eva Closet
Eva Closet,C,634418224766101 ,XLF Fashion
Eva Closet,C,634418225527242 ,Mukety
秦总-不高兴,C,634418223589329 ,foryou clothing
秦总-不高兴,C,634418227138783 ,BUGAOOX CLOTHING
秦总-不高兴,C,634418228006256 ,FIND CLOTHING
杨安淇,B,634418221801265 ,Angelsss
PixelHoom,C,634418220965732 ,PixelHoom
PixelHoom,C,634418225612932 ,Home Fun Time Space
欧阳,C,634418223293164 ,DawnTrend Bazaar
Style Closet,C,634418221901052 ,Style Closet
Style Closet,C,634418224431074 ,BMM FASHION
LIMMENG,C,634418213822971 ,LIMMENG
可露姿服饰,C,634418222082758 ,KELUZI
可露姿服饰,C,634418226011592 ,LAKELI
周总 XYXYCOSTUME,B,634418220961950 ,XYXYCOSTUME
Xuancheng,C,634418222113134 ,Xuancheng Sweater
POCOCREMI,C,634418216075431 ,POCOCREMI
沐仪阁,B,634418221930421 ,Timely woman
沐仪阁,B,634418225714475 ,Nostore
沐仪阁,B,634418225714766 ,asdadaasdadasasdadasdadasdd 清仓店
Lxxl,C,634418220407131 ,Lxxl
唐总 树,C,634418225238333 ,simple project
唐总 树,C,634418225701042 ,Glowny Shop
唐总 树,C,634418225701217 ,Yoyony
LAILILALA,C,634418222243462 ,LAILILALA
LAILILALA,C,634418225929371 ,Nannaner
追云针织-运营1,B,634418222398370 ,Yilian Butterfly Yoga Clothing
曼姬,C,634418221081999 ,lifulian
曼姬,C,634418227203515 ,Lilylian
曼姬,C,634418227203280 ,Fu li lian
ayangxue,C,634418220994029 ,ayangxue
Scarletts-龙总,C,634418219989650 ,Scarletts Secret Wardrobe
雷总叔叔,C,634418212055629 ,ThymianA
雷总叔叔,C,634418212083730 ,ZhangqiChang
雷总叔叔,C,634418216919986 ,ZHANGQICUANK
七年,C,634418220743662 ,CurvyChicGirl
小七同学,N,634418221255012 ,JANEEASY
WowWo,C,634418219789436 ,WowWo Fashion
ZHUO YUN,C,634418219012959 ,ZHUO YUN
贝贝,C,634418212493843 ,Mysterious Girl
依魅丽,B,634418222709547 ,Yimeili Clothing
依魅丽,B,634418227803426 ,Yimei pants skirts
依魅丽,B,634418225569155 ,Yimei Damei
启辰,C,634418212857529 ,Black Rose dress
启辰,C,634418211758448 ,Dream sea clothing
启辰,C,634418212938183 ,Elegant Couture
启辰,C,634418214969936 ,Melanin Apparel
启辰,C,634418217321343 ,Crossborder travellers
启辰,C,634418219398514 ,Trendwave
启辰,C,634418219522276 ,SmaMat
Letcan,C,634418221424360 ,Letcan
音成,B,634418224368081 ,BOSYINME
音成,B,634418226221170 ,yinchengfushi
elegant lady outfit,B,634418221986722 ,elegant lady outfit
Dreamer Fly,C,634418220992785 ,Dreamer Fly Clothing
Dreamer Fly,C,634418225320039 ,Baisih
Yukii Clothing,C,634418225304768 ,Yukii Clothing
Yukii Clothing,C,634418225477892 ,IslandVibeDress
xiaocaihong,C,5769541039461 ,xiaocaihong
xiaocaihong,C,634418216676302 ,danyou
ZEVITY WOMEN,C,634418211565710 ,ZEVITY WOMEN-实力商家
华仔,B,634418223887971 ,HRfushi
华仔,B,634418227985722 ,FFfushi
UGLOD,C,634418222757902 ,UGLOD
辰晨-张明,B,634418221056853 ,yachenfushi
wenyi,C,634418222802662 ,wenyi nvzhuang
Cly Vogue,C,634418224186434 ,Cly Vogue
绮玉服饰-牛大宝,B,634418221839960 ,QiYuMeiYi
绮玉服饰-牛大宝,B,634418227003669 ,qiyouyi
绮玉服饰-牛大宝,B,634418227211326 ,TTym
绮玉服饰-牛大宝,B,634418221808009 ,Yishifushi
旭泰,N,634418213145402 ,JONEKOO WEAR
旭泰,N,634418213801952 ,SHOWTIME FASHION
旭泰,N,634418216466080 ,ST Ladies
旭泰,N,634418216465480 ,ST ELEGANT
DashCloset,C,634418221166887 ,DashCloset
Stars Clothe,C,634418221558702 ,Stars Clothes
Stars Clothe,C,634418224450594 ,DN CHIC
Stars Clothe,C,634418226252280 ,Booming Remay
熊静,C,634418219944653 ,YuShan Garment
熊静,C,634418221420570 ,HAHA GARMENT
YIHAIFUSHI,C,634418224558050 ,YIHAIFUSHI
YPK,C,634418216847653 ,YPK
Sichuang,C,634418222102922 ,Yiipinxin Clothing
Sichuang,C,634418225612334 ,zeyingfushi
Sichuang,C,634418225612925 ,zijunfushi
罗总？？？,N,634418217857680 ,ROMAR
罗总？？？,N,634418219017437 ,DURIASUM
罗总,N,634418222825339 ,NixieWear
罗总,N,634418225379521 ,Aumike
ChicVibe,C,634418222244348 ,ChicVibe Collective
ChicVibe,C,634418223651921 ,ECLIPSE STUDIO
charismatic,C,634418224175392 ,charismatic woman
小别Yi Zhi Mei,C,634418223726582 ,Yi Zhi Mei Womens Clothing
天奇谢军,C,634418221878859 ,XTIANQI
YYirenhouse,N,634418222639961 ,YYirenhouse
美得织造,N,634418223656759 ,Nut Girl
美得织造,N,634418225441105 ,Aura Girls
文杰-LIMUZII,C,634418221678464 ,LIMUZII
纱莎,C,634418222014117 ,Retro Garments
纱莎,C,634418221455693 ,JINXINGFUSHI
huiranfushi,C,634418221799380 ,huiranfushi
文翔服饰,N,634418220307969 ,wenxiangfushi
LanYun,C,634418221567483 ,LanYun Clothing
满艺服饰,N,634418219566038 ,XINGYIW
满艺服饰,N,634418225588832 ,Weumei
张波-波锅,C,634418213707066 ,ZHANGBOWULILI
张波-波锅,C,634418226093986 ,TrendyThreads House
张波-波锅,C,634418226095205 ,StylishVibes Shop
溪溪,C,634418223618633 ,Ymvogue
王昌灵 王总,N,634418225189953 ,Wanmyu
王昌灵 王总,N,634418226131422 ,Full warehouse collection
王昌灵 王总,N,634418226537893 ,ChoiSense
王昌灵 王总,N,634418226546884 ,Max Value
Focus 陈总,C,634418219926188 ,Focus Fashion
Focus 陈总,C,634418221304353 ,Lumire Studio
潘多拉服饰,C,634418224983639 ,Strawbewatermlon
The rain,N,634418222244410 ,The rain is like potyy
浩东服饰,C,634418211324913 ,bieHaodong
吧唧吧唧,C,4914702181208 ,Zero degree clothing
吧唧吧唧,C,634418224627687 ,Sky CityE
诺宝宝,C,634418222012772 ,GREENlIYU
赣州 店群 寄予,C,634418223842621 ,Dashy Dresses
赣州 店群 寄予,C,634418223843835 ,Serene Silhouette
赣州 店群 寄予,C,634418224387675 ,Eclat Grace
赣州 店群 寄予,C,634418223886029 ,Sophisticated Poise
LliI,C,634418221039844 ,LiQY
LliI,C,634418223968162 ,IGN
Rainspire Apparel,C,634418221957619 ,Rainspire Apparel
Rainspire Apparel,C,634418226617364 ,Hoodie Havven
Rainspire Apparel,C,634418224375973 ,SandsOfManyNations
Rainspire Apparel,C,634418226617865 ,Crossswave Studios
KIKIMINK,C,634418225166886 ,KIKIMINK
Xuefeier,C,634418211100446 ,Xuefeier
Verve Couture,B,634418223935733 ,Verve Couture
Yang zi li,B,634418223551272 ,Yang zi li
刘总-刘夏丁,C,634418218848096 ,LIERLIU
刘总-刘夏丁,C,634418220520876 ,LOVERONG
Zhang zheng,C,634418219278828 ,Zhang zheng fushidian
Zhang zheng,C,634418213788999 ,ZhenZhenfusi
EEBEIR,C,634418223615878 ,EEBEIR
EEBEIR,C,634418225882261 ,Liseree
EEBEIR,C,634418225881403 ,evile
XuanMeiYi,C,634418213901941 ,XuanMeiYi clothing
Curtilage,B,150376970356 ,Curtilage clothing street
Curtilage,B,664421771357 ,Awesome Selection - Curtilage clothing street
Starrism-Sheep,N,634418223958733 ,Starrism Time
Starrism-Sheep,N,634418224691144 ,Oukei Legend
张总,N,634418222240839 ,AYUHONG
张总,N,634418222854758 ,YUHONG Fashions
依景燃 姐姐,N,4901764067214 ,Yijing Burning Clothing
依景燃 弟弟,C,321930310502 ,YJRFS
Zhan shop,N,254591625219 ,Zhan shop
Zhan shop,N,4453307906049 ,Awesome Selection - Zhan shop
Zhan shop,N,634418222026243 ,aGTa
Zhan shop,N,634418214592118 ,Mechanist
赖总,N,634418225178959 ,guangzhoushiqinyufushi
赖总,N,634418225822433 ,TIANYINGQINGCANG 尾货店铺
钱橙,C,634418222408181 ,Party Theme
钱橙,C,634418224675436 ,Private Party
LYZFS,N,634418224765634 ,LYZFS
LeYoua,C,634418220921585 ,LeYoua
LeYoua,C,634418225006742 ,Leyouff
Trendy fashion,C,634418224560437 ,Trendy fashion TL
YouMaiYou,C,634418221308594 ,YouMaiYou
YouMaiYou,C,634418221653943 ,YOUMAIYOU
YouMaiYou,C,634418222496751 ,Umirok
YouMaiYou,C,634418222521016 ,JinXiKo
Womens series,C,634418218799497 ,Womens series
kadiya,C,634418220054040 ,kadiya kadiya
XiongXiong,C,634418220642190 ,XiongXiong Seller
追云针织-运营2,C,634418224373153 ,Kaiyueyu home
SSongsong,C,634418220701882 ,SSongsong
SSongsong,C,634418220644992 ,SONGLC
贝小贝,C,634418222706675 ,Bei Xiaobei Clothing
贝小贝,C,634418222719561 ,Holiday Flare
JingChenLL,N,634418224668816 ,JingChenLL
洋溢服装,N,634418222756993 ,Smartshe
鑫烨服饰,C,634418223866165 ,Yangye womens pants
紫萱服饰,C,634418221443693 ,Zixuanxuan clothing
紫萱服饰,C,634418226822453 ,BWW clothing
MiraQ,N,634418221323783 ,MiraQ
Tiipuls,N,634418219745481 ,Tiipuls Clothing
Eclat,C,634418222872416 ,Eclat Femme LSH
余总 Starlet,C,634418222009774 ,Starlet Street
余总 Starlet,C,634418223713107 ,Stylish Passageway
ZhuoYuFS,C,634418222574996 ,ZhuoYuFS
ZhuoYuFS,C,634418225220905 ,TengJingFS
The Widener selection,N,634418218043630 ,The Widener selection
Baimu,N,634418223826717 ,Baimu Global
MADDIE,N,634418223937000 ,MADDIE WU
Bianca,N,634418219550511 ,Bianca Fashion
Bianca,N,634418224183667 ,GT nice
Bianca,N,634418225995605 ,Deadman
FlowerMoney,N,634418222237125 ,FlowerMoney
Pendor,C,634418219375479 ,Pendor
Pendor,C,634418225250565 ,Suwan womens clothing
FleurVibe,N,634418223051465 ,FleurVibe
FleurVibe,N,634418224991795 ,Forever Trendy One
凯丝菲 Kaisfi 王豪,N,634418221032567 ,Kaisfi Womens Clothing
凯丝菲 Kaisfi 王豪,N,634418222695574 ,Kalfi Womens Wear
朱总,C,634418221839170 ,CHENYUCHUAN
Cameo,N,634418221570418 ,Cameo Clothing
Harper,N,634418224495016 ,DJin Girl
Mancao,C,634418223449731 ,Mancao Clothing
Stellarum,N,634418222645678 ,Stellarum
Stellarum,N,634418222981757 ,Vogue Craft
恒琬,N,634418221253130 ,hwfs
伊亿服饰,N,634418222704436 ,WJIN
伊亿服饰,N,634418222890350 ,HIYIFS
PrettyGirl,N,634418222237254 ,PrettyGirl Clothing
PrettyGirl,N,634418221865090 ,Moom room
张建辉,N,634418220330992 ,Style Sensation clothing
Bits Dream,C,634418220991909 ,Bits Dream
龙创服饰,N,634418220818310 ,wenlongL
JIN DUO DUOO,N,634418220299359 ,JIN DUO DUOO
吃捶饰,N,634418223688322 ,MingYuanFuShi
Graceful Skirts,N,634418221301609 ,Graceful Skirts
LumineCurve-塑身衣,N,634418222265039 ,LumineCurve
腾达制衣厂,C,634418222071868 ,Etherose
玄澄贸易,N,634418220834694 ,XC TrendHub
Zetina,N,2729298504482 ,Zetina
TeteClothing,N,634418221577944 ,TeteClothing
Zylead,C,634418223016554 ,Zylead
Zylead,C,634418225671483 ,Pale Cloth
XINGMUZHI,N,280996421172 ,XINGMUZHI
XINGMUZHI,N,634418213086739 ,FasHionPerfect
XINGMUZHI,N,281454424986 ,JUNXIFUSHI
Nana Beauty Front,N,634418220787360 ,Nana Beauty Front
Nana Beauty Front,N,634418217297193 ,MM ECHO
Nana Beauty Front,N,634418218396735 ,FUFU ZLI
Nana Beauty Front,N,634418224000888 ,NaNa Atelier
LELE,N,634418221962166 ,LT FOR US
Meina,N,634418221108182 ,Meina factory
Meina,N,634418210067742 ,Eengchen shop
SKYCastle的老表,N,634418222319582 ,Sali Fushi
SKYCastle的老表,N,634418211696514 ,CHENGYIDUO
Chair tung,N,1514167114933 ,Awesome Selection - Chair tung underwear
Chair tung,N,1514166565106 ,Chair tung underwear
小强,N,634418222412147 ,zhengxiangfuz
小强,N,634418222507086 ,MGhzq
爵美服装,N,634418219276654 ,JuemeiA
爵美服装,N,634418227892550 ,LANTu close
陈阿飞,N,634418220925118 ,D Buy
Jingyi,C,634418222210265 ,Jingyi Apparel
CY Sincerity,N,634418220371534 ,CY Sincerity Clothing
Mmming,N,5047676250134 ,MANDUONA
Mmming,N,634418222482425 ,Mmming
多喝点水,N,634418223939950 ,ProvenceD
亿美,N,634418218998156 ,CHEsupreme
肖川-ccfushl,N,634418222116199 ,ccfushl
Dora Fashion,N,634418221317181 ,Dora Fashion Clothing
Dora Fashion,N,634418222495747 ,Doras little shop
泽霖,N,634418221221492 ,Mr ZeLin
泽霖,N,634418211103244 ,Ashely fashion
泽霖,N,634418225150130 ,OO TD
泽霖,N,634418225249739 ,
XIAOSOXU,N,634418224703447 ,XIAOSOXU
Huiyan,N,3579357285043 ,Huiyan selection of women
JoyStitch,N,634418222012603 ,JoyStitch
紫衣萱服饰,C,634418218246268 ,ziyixuanfushi
IN ALL,N,634418223112132 ,IN ALL
YBY,C,634418223621123 ,YBY fashion
YBY,C,634418225145015 ,YBY lucky
Elegant JJH,N,634418217204409 ,Elegant JJH
XingXing,N,634418220792728 ,XingXing Womens clothing
XingXing,N,634418220801547 ,Yu Xuan Womens clothing
熊总-xinhui,N,634418221370222 ,Fashion xinhui
D.,N,634418224144288 ,StMandy
阿达,N,634418218899433 ,MUMUXW
SeptS,N,634418214020464 ,SeptS
SeptS,N,634418220940992 ,YuyiD
SeptS,N,634418225499747 ,Yi Xi Clothing
LYFS ai,N,634418224684284 ,LYFS ai
欣然贸易,N,634418222033060 ,JoyandShine
欣然贸易,N,634418225121965 ,Stars of Labubu
HaiXiaoXiaoLi,N,634418222719570 ,HaiXiaoXiaoLi
LGBK,N,634418222283704 ,LGBK Studio
LGBK,N,634418225491474 ,ModKid
LGBK,N,634418225838800 ,Muse Attire 尾货店铺
许林,N,634418222961272 ,WKX Fashion
文伟 XIULIW,N,634418221454911 ,XIULIW
文伟 XIULIW,N,634418221571913 ,XIULIA
文伟 XIULIW,N,634418221894992 ,GEMIAO
Flowers Boutique,N,634418221007223 ,Flowers Boutique
顺辉服饰,N,634418221008070 ,wanyeshun
泉州 妙强贸易,N,634418223885008 ,zhenzhongfuzhs
米妮,N,634418220273441 ,Chic Revival
Orbright,N,634418222617593 ,Orbright
Xiaoduo,N,634418221620834 ,Xiaoduo clothing
欧卡兰服饰,N,634418221039330 ,Sexy Woman Fashion
Wuanin-张小宝老表,N,634418224531098 ,Wuanin
Wuanin-张小宝老表,N,634418224863803 ,Sgmt
Xing yu qi,N,634418224898676 ,Xing yu qi
维衣派,N,634418222722442 ,Rainbow erotic lingerie
GZ Junling,N,634418222081836 ,GZ Junling
Little Miser,N,634418223919369 ,Little Miser
MRCII,N,634418221746397 ,MRCII
MRCII,N,634418225715610 ,XRYII
程总,N,634418225336648 ,JXHK CLOTHING
styleLY,N,634418222382270 ,Style LY
Langchi,N,634418224804263 ,Langchi clothing
Fashionista MM,N,634418222491831 ,Fashionista MM
中恩服装,N,634418221613917 ,XC TrendHub
Ibilive,N,634418222199735 ,Ibilive
BudgetBloom Style,N,634418224445847 ,BudgetBloom Style
YODO A,N,634418219860717 ,YODO A
qingxinmaoyi,N,634418219011777 ,qingxinmaoyi
Love Xiaoling,N,4957892706957 ,Love Xiaoling clothing
Letao,C,634418223891060 ,LT Apparel
Letao,C,634418225584516 ,LT garments
Letao,C,634418226158399 ,LT Clothes
Letao,C,634418226076544 ,Rx Clothes
Letao,C,634418226158986 ,RX garments
Letao,C,634418226159360 ,RX Apparel
Letao,C,634418226139102 ,SH garments
Letao,C,634418226162431 ,SH Apparel
Letao,C,634418226162537 ,SH Clothes
Letao,C,634418226135727 ,FH garments
Letao,C,634418226160319 ,FH Clothes
Letao,C,634418226161051 ,FH Apparel
Letao,C,634418226140298 ,CY garments
Letao,C,634418226162117 ,ChenYu Apparel
Letao,C,634418226162221 ,ChenYu garments
Letao,C,634418226141386 ,YX garments
Letao,C,634418226161149 ,YiXin Apparel
Letao,C,634418226161431 ,YiXin garments
索薇娅 大城小事,N,634418221566408 ,XiaoCheng DaShi
曹总,N,634418221569713 ,Cyoooooo
曹总,N,634418221568234 ,Caoweils
Taorongfei,N,634418224125828 ,Taorongfei
Super,N,634418223914081 ,Super clothe
杨总-Rotimia,N,634418221180911 ,Rotimia
GOOD Tang,N,634418220943966 ,GOOD Tang
VesperJackets,N,634418225094965 ,VesperJackets
TIANBEAUTY,N,634418221040150 ,TIANBEAUTY
ZMC服装厂,N,634418221612171 ,ZMCHF
章永军,N,634418222795226 ,MUZIYUNXUAN
GZ GDIER,N,634418223111952 ,GZ GDIER
Very nice,N,634418223816255 ,Very nice outfit
红喜鸟,N,634418222505949 ,TemSwift
鑫梦淇服饰,N,634418221376430 ,xinyumengqi
LaGiam,N,634418221362129 ,LaGiam
Juan Hui,N,634418221517093 ,Juan Hui
Jiekai,N,634418222784587 ,Jiekai Clothing
Binggeng 佛山,N,634418224702126 ,Binggeng Apparel
Two Spark,N,634418223607126 ,Two Spark
Two Spark,N,634418219703339 ,Fashion Meili wardrobe
YUMMYY,N,634418211168134 ,YUMMYY
YUMMYY,N,634418211939295 ,XIUSIFUSHI
YUMMYY,N,634418212106324 ,Elegant stephanie
SKYCastle,N,634418222240032 ,SKYCastle
SKYCastle,N,634418224605487 ,Ygmt
雨,N,634418222591798 ,MU YANZ
WANGZAII,N,634418221676647 ,WANGZAII
Z donglai,N,634418224751755 ,Z donglai
QY Originals,N,634418225220575 ,QY Originals
陈琳表叔师傅,N,634418219677225 ,Breeze ah
JIMSSSS,N,634418219000974 ,JIMSSSS
陈鑫诚意,N,634418220776752 ,CXXYY
Aesthetic,N,634418222244037 ,Aesthetic resonance
SwiftFashion,C,634418224192290 ,Lunaz Fashion Shoes
SwiftFashion,C,634418224987750 ,SwiftFashion
SwiftFashion,C,634418225082629 ,Weave Wardrobe
SwiftFashion,C,634418225083727 ,Nerves
SwiftFashion,C,634418227131884 ,Nowy
1998服饰,N,634418222307780 ,Son of desire
刘总,N,634418217178686 ,XINDONGLIU
恒业服饰,N,634418225287182 ,LAMLAMboutique
HUAYIOO,N,634418221410770 ,HUAYIOO
好品依服装,N,634418221455317 ,Loom Element
棉致,N,634418223781829 ,Yuyu womens fashion
棉致,N,634418223996855 ,Shine soul F
MHY YY,N,634418221825565 ,MHY YY
Hoxuan,N,634418221458930 ,Hoxuan Clothing
LOVELIU,N,634418218479019 ,LOVELIU
廖昌隆,N,634418224553489 ,HuaYinFuShi
Shevy,N,634418221272540 ,Shevy
ROCGO,N,634418219243286 ,ROCGO
Co Mo So,N,634418220431331 ,Co Mo So
SUWON,N,634418224411149 ,Liu ben Garment Ractory
Trend Symbol,N,634418221407403 ,Trend Symbol
SAILOM,N,634418218473443 ,SAILOM
千里马,N,463437566171 ,Marvel Miaoke costume
千里马,N,463438802637 ,Manmiao costume
Dixing,N,634418222226610 ,Dixing Clothing
HJYFS,N,634418223992848 ,HJYFS
Love with peace,N,634418219614640 ,LycheeRose
JinGuoGuo,N,634418219873974 ,JinGuoGuo clothing
牛仔很忙,N,634418223899461 ,Made in gaibang
和谐号,N,634418223666998 ,JANJIE
Houndstooth,N,634418223167183 ,Houndstooth
文龙,N,634418222039730 ,Ship immediately
WM Women,N,3247636825480 ,WM Women
WM Women,N,3247637485580 ,Awesome Selection - WM Women Clothing
CHECH E,N,634418218621510 ,CHECH E
CHECH E,N,634418218752071 ,Vi Clothing
翔曼服饰,N,634418221039304 ,Dressing room dk
Jiujiunvzhuang,N,634418222865795 ,Jiujiunvzhuang
HMyu,N,634418221451822 ,HMyu
trendtroves,N,634418223216161 ,trendtroves
trendtroves,N,634418226359633 ,Lucrezia
发哥-汉川,N,2517801062329 ,Jingbao fashion women wear
发哥-汉川,N,2517802713353 ,Awesome Selection - Jingbao fashion women wear
发哥-汉川,N,634418223932688 ,PANGPANG CLOTHING
峥豪李总,N,634418218954645 ,Cooloot
峥豪李总,N,634418221803195 ,Confidence A
峥豪李总,N,634418226609226 ,SHIYAO L
派尔,N,634418220463702 ,Elysian clothing
派尔,N,634418221664592 ,Boulevard clothing
Hawthaw,B,634418225562725 ,Hawthaw
卡韵庭悦服饰,B,634418226077851 ,kayuntingyue
卡韵庭悦服饰,B,634418226356414 ,BYEBB
卡韵庭悦服饰,B,634418227145379 ,Ting ting FF
卡韵庭悦服饰,B,634418227775535 ,Jinyunshang
卡韵庭悦服饰,B,634418228114144 ,FENQQ
卡韵庭悦服饰,B,634418228124334 ,YUECC
青影,B,634418225499155 ,LEIPANGZI
青影,B,634418220349072 ,MAIMANGZI
青影,B,634418228072421 ,TEMAIDI
青影,B,634418225509566 ,PANGHANZI
Lulu Customized,N,634418225743996 ,Lulu Customized
Lulu Customized,N,634418226749866 ,XNMFUSHI
MMXC,N,634418225936279 ,MMXC Clothing
EahoEaho,N,634418226061205 ,EahoEaho
Manrou Clothing,B,634418225556633 ,Manrou Clothing
HANYANGYU,C,634418225006852 ,HANYANGYU
HANYANGYU,C,634418226416869 ,HAN HEN
Pure Lines,C,634418225743689 ,Pure Lines
Pure Lines,C,634418226025489 ,UniChic
EleganceZoe,C,634418225516754 ,EleganceZoe
EleganceZoe,C,634418225684784 ,BelleEase
ZOMI,N,51849466580 ,ZOMI
Luscs罗,B,634418226132490 ,CoCreate Novanex women
GongChuangJinLanClothingwomen,C,634418222969395 ,GongChuangJinLanClothingwomen
陈总 FOB,B,634418226560019 ,Chen Chens Clothing
陈总 FOB,B,634418227267495 ,HongmeiClothing
陈总 FOB,B,634418227587404 ,HongMeiClothingThree
FOJF,N,634418221082504 ,FOJF
DAYSHINE,N,634418223675722 ,DAYSHINE
fouth 装扮服饰,C,634418224195903 ,fouth x
fouth 装扮服饰,C,634418224442222 ,fouth aj
fouth 装扮服饰,C,634418221103193 ,fourth d
fouth 装扮服饰,C,634418224444513 ,fouth ae
JINCHUN COUTURE,C,634418226168780 ,JINCHUN COUTURE
Cthing Ai,C,634418226235523 ,Cthing Ai
王兴伟,C,634418226310028 ,Sty Verse
王兴伟,C,634418226721035 ,Wang Meilii
王兴伟,C,634418226586484 ,yuyann
王兴伟,C,634418226587229 ,wanmmei
According,N,1093889137371 ,According to the
体能,N,634418225284534 ,Ti neng shi shang
体能,N,634418225598685 ,Tao Yuan clothing Co Ltd
体能,N,634418225599392 ,Tong Ya Shi Clothing
SYIVIE,N,634418225461799 ,SYIVIE
曾哆哆,N,4873258491669 ,Lemon Clothes Shop
曾哆哆,N,4873260007952 ,Awesome Selection - Lemon Clothes Shop
Femme Gallery,N,634418221711117 ,Femme Gallery
Femme Gallery,N,634418227642744 ,VintageWarp
X soloshow,N,634418222243562 ,X soloshow
JieJin,N,634418225983479 ,JieJin
Wangfan围裙,N,634418225544768 ,Wangfan Weiqun
YiMan Fashion 毛织,N,634418225963700 ,YiMan Fashion
刘少芬,B,634418225495915 ,miyiou
汉川 小妮子,N,634418226513296 ,DAIXIAOLI
Hengchen 大朗,N,634418226277263 ,Hengchen Woolen Weaving Factory
xhgfhjj,N,634418221535364 ,xhgfhjj
林总,C,634418227624629 ,jinlingfushi
林总,C,634418227633752 ,linglingfuzhuang
YiYi Garment,N,634418227929817 ,YiYi Garment
YIWJC,N,634418227042618 ,YIWJC
YinuoZZ,B,634418226202512 ,YinuoZZ
xing yu fu shi,N,634418225042994 ,xing yu fu shi
Yanzhicai,N,634418225287333 ,Yanzhicai
TF vogue,N,634418225274558 ,TF vogue
女装工厂供应链,N,634418225527650 ,FlyStyle
FEMINA,N,634418225390832 ,FEMINA
Encounter C,N,634418225246701 ,Encounter C
lyxcyl,N,634418225533837 ,lyxcyl
SEN LING,N,634418224623694 ,SEN LING
MUMU Style,N,634418222572540 ,MUMU Style
V Aphrodite,N,634418225672627 ,V Aphrodite
FABLE ATTIRE,N,634418225761283 ,FABLE ATTIRE
翔腾集服饰有限公司,N,634418223678006 ,Xiangtengji Clothing
Cloud Minimalist Wardrobe,N,634418225638259 ,Cloud Minimalist Wardrobe
Plain Garments Whispers,N,634418224199314 ,Plain Garments Whispers
王准（充绒绗线）,N,634418217714018 ,wangxuting
Yuzhe 大伟,N,634418225933306 ,Yuzhe Apparel
YOUAI,N,634418219768437 ,YOUAI ONE
YOUAI,N,634418225674956 ,YOUAI TWO
YOUAI,N,634418225909166 ,YOUAI THREE
余总 LWY,N,634418226061082 ,LWY Clothing
陈棋锋,N,634418225788655 ,Knit Mood
程程,N,634418226144585 ,Five small trees
轩梓服饰,N,634418000000000 ,xuanzimamianfushi
CozyKnitHub,N,634418000000000 ,CozyKnitHub
Bixia Caiyun,N,3820410000000 ,Awesome Selection - Bixia Caiyun costume
Bixia Caiyun,N,3820400000000 ,Bixia Caiyun costume
ZH Sport,N,634418000000000 ,ZH Sport
Dalkom Dream,N,634418226268756 ,Dalkom Dream
Mai Glow,N,634418226197642 ,Mai Glow
CZ FZ,N,634418223353858 ,CZ FZ
Medodo,N,634418226268630 ,Medodo Clothing
Zhou select,N,634418226274398 ,Zhou select
LAYUANG 军哥,N,634418226075672 ,LAYUANG
SHIWOWO,N,634418226253500 ,SHIWOWO
ANDY DG,N,634418226206817 ,ANDY DG
CAT OU,N,634418226401943 ,CAT OU
ZING Fashion,N,634418226164636 ,ZING Fashion
Modefy,N,634418225881715 ,Modefy
珍珍,N,634418226403197 ,WEIBAOgg
Sweet Womenswear,N,634418226366312 ,Sweet Womenswear
Olesabridal,N,634418211773502 ,Olesabridal
ZYaiHZ,N,634418226553828 ,ZYaiHZ
GZHdh,N,634418226425063 ,GZHdh
QK QTONE,N,634418226252941 ,QK QTONE
Topnotoh,N,634418226155149 ,Topnotoh
惠州 熊总,N,634418226585769 ,ForesDeer
Crimsonwhisper,N,634418226275190 ,Crimsonwhisper
Lius,N,634418226269721 ,Lius Clothing and Hosiery
Hungry Kitty,N,634418215568360 ,Hungry Kitty
Harkesh,N,634418223020175 ,Harkesh
Coral seai,N,634418211266754 ,Black pudding
Coral seai,N,634418226687843 ,Coral seai
Hailing,N,634418226614078 ,Hailingfuzhuangfushi
Damayo,N,634418209740827 ,Damayo
Chime Apparel,N,634418226865948 ,Chime Apparel
Yujia Two,N,634418226846295 ,Yujia Two
LunaFemme,N,634418226987391 ,LunaFemme
Benches,N,634418226877495 ,Benches clothing
Benches,N,634418226690891 ,Benches clothing
XiaoAIYO,N,634418226780960 ,XiaoAIYO
zsxcgchj,N,634418226744352 ,zsxcgchj
W21258'shop,N,3584890541862 ,W21258'shop
PupCoca,N,634418226794282 ,PupCoca
YXM CLOTHING,N,634418222673712 ,YXM CLOTHING
XAXXT,N,6186048575971 ,XAXXT
XAXXT,N,6186047100708 ,Awesome Selection - Sttky tide suit
DT Jeans,N,311873567271 ,DT Jeans
DT Jeans,N,634418227138695 ,Huifeng Fashion
梦涛散养土鸡,C,634418227071881 ,kaixinguo
梦涛散养土鸡,C,634418227070043 ,chisha
JunChenkuzi,N,634418226597865 ,JunChenkuzi
Allure Dress,N,634418227104352 ,Allure Dress
QIAN Man Man,N,634418227038563 ,QIAN Man Man
咪岚服饰-佩奇,B,634418227109380 ,Miran FF
咪岚服饰-佩奇,B,634418227396396 ,Mijiu FF
咪岚服饰-佩奇,B,634418227401995 ,YI YI JJ
咪岚服饰-佩奇,B,634418227402524 ,YU XING TT
Ya y i BB,C,634418227401796 ,Ya y i BB
Niche Design Fashion Womens Clothing,N,634418226009965 ,Niche Design Fashion Womens Clothing
Rimal Thobes,N,634418225286177 ,Rimal Thobes
Mrstfan,N,634418222114800 ,Mrstfan
善,N,634418227257646 ,YUNTINGyunting
善,N,634418227558900 ,Yun Ting
liujinfeng,N,634418227069084 ,liujinfeng
吴总 赵总,N,634418227278625 ,HQMH
WDDW,N,634418227304325 ,WDDW
THFF,N,634418227270062 ,THFF
COOLNAMY,N,634418227090158 ,COOLNAMY
jiangbian,N,634418226608019 ,jiangbian
Maivoo 蔡总,C,634418227419844 ,Maivoo
Maivoo 蔡总,C,634418228048833 ,Doommi
Maivoo 蔡总,C,634418227964296 ,Ningllee
阿敏,C,634418227432898 ,Easy Peasy Wear
Zi Yang clothing,N,4256111736763 ,
Lcuking-Sam,N,634418227442468 ,LcukingL
Lcuking-Sam,N,634418227401537 ,LuckingG
张青元,N,634418225723671 ,Neutral M
张青元,N,634418227450607 ,miaomiao womens wear
张青元,N,634418227678327 ,miaomi womens wear
昊然女装,C,634418225962331 ,Haorise
昊然女装,C,634418225953261 ,Haorane
昊然女装,C,634418222662033 ,Haorancos
白云黄总,C,634418227481124 ,QDH Clothing
guestgreeting pine,N,634418225593414 ,guestgreeting pine
Staryux,B,634418226490759 ,Staryux
天意服饰 白云黄总朋友,C,634418227513486 ,TianyY Clothing
黄总 HUAMILI,N,634418227511474 ,HUAMILI Clothes
黄总 HUAMILI,N,634418228000636 ,SUMO Clothes
Sunny-Wandering,N,634418227570207 ,Wandering Closet
NeoHubShop,N,634418226068217 ,NeoHubShop
DITZN Flag Hang,N,634418219385534 ,DITZN Flag Hang
Komo Randi,N,634418227637022 ,Komo Randi
Fat cat Love,N,634418225054402 ,Fat cat Love
COJQ,C,634418224960116 ,COJQ
Lazy Sunday Clubs,N,634418227740916 ,Lazy Sunday Clubs
Lazy Sunday Clubs,N,634418227739252 ,Lazy Sunday Club
QYOUTAI,N,634418227124912 ,QYOUTAI
LumenGlobe,N,634418227824883 ,
LumenGlobe,N,634418227828430 ,
LumenGlobe,N,634418215830608 ,
硬汉 Tengxingya 阿豪哥哥,N,634418226222180 ,Tengxingya clothes
PetalParis,N,634418227924703 ,PetalParis
VibeNova Wardrobe,N,634418227827567 ,VibeNova Wardrobe
GlowChic Closet,N,634418227824980 ,GlowChic Closet
承哥,N,634418214520109 ,DG Junfeng
palel,N,634418227962828 ,palel
season in,N,634418227961442 ,season in
HUOLIENIAO,N,634418223936545 ,xinyifushi shop
HUOLIENIAO,N,634418225687319 ,HUOLIENIAO fashion
HUOLIENIAO,N,634418225689035 ,HUOMEIGUIfashionLadies
LUMAO,N,634418228002384 ,LUMAO
彼岸花开,N,634418228150913 ,Yimailuzhuang
千之都-徐进,N,634418228176593 ,Voorpret
faladi,N,634418227473050 ,faladi
faladi,N,634418227490188 ,Yedie
faladi,N,634418227558395 ,KEYBELLE CLOTHING
faladi,N,634418227490711 ,NIXIApparel
Little Yumei,N,6000652297237 ,Little Yumei
Little Yumei,N,6000652970331 ,Awesome Selection - Little Yumei
Jiujiufushi,N,634418227414691 ,Jiujiufushi
JINGPINYIFU,N,634418227189712 ,JINGPINYIFU
JIAMEIFUSHI,N,634418226226533 ,JIAMEIFUSHI
ONEROAD fashion,N,634418227203676 ,
Deyi Feifan,C,634418221240930 ,Deyi Feifan Clothing
Graceful Styles,C,634418220054302 ,Graceful Styles
LeXinclothing,C,634418219371884 ,LeXinclothing
张总 素英,N,634418220351642 ,DMFFB
张总 素英,N,634418222828070 ,DMAA
张总 素英,N,634418222793676 ,RIJINDOUJINPLUS
LAGGIRL,N,634418218212432 ,LAGGIRL clothing
LAGGIRL,N,634418216724911 ,juniu fei
ALSRRU FASHION,C,634418212895742 ,ALSRRU FASHION
YOUYILAICL,N,634418221671012 ,YOUYILAICL
杨腾飞,N,634418215673939 ,Libu shangshu
影后服饰,N,634418223662779 ,ying ho
QqiuNvz,C,634418213582759 ,QqiuNvz
邱总,N,634418223583343 ,cestsimone
邱总,N,634418225143087 ,CESTS
程雄伟-周伟朋友,N,634418209727380 ,Erlingzi Clothing
LuckyFen,N,634418219258022 ,LuckyFen
LuckyFen,N,634418222755563 ,timuxiong
护士服-As Wisheds,N,634418220941565 ,As Wisheds
廖总 BaoMing,N,634418224131709 ,BaoMingWeifuzhuang
廖总 BaoMing,N,634418224998541 ,Yibudaoweifushi
ASH BREEZE,N,634418223765074 ,ASH BREEZE
ASH BREEZE,N,634418223766135 ,HAZEL IVY
Junleyun,N,634418210721620 ,Junleyun
冷言-卓彩运营,N,634418219018186 ,WomenCY
冷言-卓彩运营,N,634418219020156 ,Acy Clothing
Hong Yly,N,634418219379435 ,Hong Yly
庞总-庞凌志,N,634418220971700 ,glamour queens
卡米拉,N,634418211459280 ,CAMILA STREET
sexy girla A,N,634418220472186 ,sexy girla A
XIONGYISZ,N,634418219841121 ,XIONGYISZ
达安,N,634418221917437 ,SALINNA
WAQ,N,634418212320762 ,WAQ
WAQ,N,634418219469847 ,YZHSHISHANG
WAQ,N,634418221003772 ,WQQWAQ
Fancy apparel,N,50423879257 ,Fancy apparel
GlamGirls,N,634418219484573 ,GlamGirls
Xiang shun,N,634418221366235 ,Xiang shun sweater factory
拾|女装,N,634418221011380 ,Peijingyu
JAY,N,634418217969271 ,MUGI
JAY,N,634418217115158 ,Lin And Ling
JAY,N,634418212887017 ,ringtone
迈裕腾,N,634418221256133 ,MaiyuTeng
芷凤阁,N,5183874122453 ,zhifengge
芷凤阁,N,634418211883355 ,qianxunni
芷凤阁,N,634418211997757 ,zhiyanshe
芷凤阁,N,634418222281969 ,Xiao Lin Fu Shi
江海,N,634418216486070 ,BMWFNY
qingzimeiyi,N,634418219853502 ,qingzimeiyi
鄢胜奇 Xia Fenqi,N,3248608886740 ,Xia Fenqi Clothing
鄢胜奇 Xia Fenqi,N,3248607943267 ,Awesome Selection - Xia Fenqi Clothing
Naceing,N,634418215424574 ,Naceing
Naceing,N,634418215829141 ,BECEN
Naceing,N,634418215829040 ,YAYA WO
Yixin,N,634418220754632 ,Yixin Apparel
杨芝彩-Dream Phil,N,634418221153966 ,Dream Phil
杨芝彩-Dream Phil,N,634418214462742 ,KKFS
罗生,N,634418220332188 ,Fashionable womensi
罗生,N,634418210891924 ,Mens Vogues-PU
罗生,N,634418212425737 ,Girl Vogue
罗生,N,634418212910989 ,Mens FashionZX-PU
老马,N,634418217035390 ,Yu Jang
fanshion Jin,N,634418218661680 ,fanshion Jin
BTF 贸易商,N,4027547088211 ,LU Jeans
JSYDM,N,634418224323752 ,JSYDM
HSMYFS,N,634418221130988 ,HSMYFS
ALICESDRESS,N,634418219019271 ,ALICESDRESS
ALICESDRESS,N,634418221513693 ,Fan Zixi Fashion Clothing
鸿博利电子科技,N,634418220652029 ,LumireSilhouette
Simido,N,634418217378312 ,Simido
Xin embroidered edge,C,634418210321327 ,Xin embroidered edge
PEINIFUSHI,C,634418212672152 ,PEINIFUSHI
Moretys Boutique,N,634418211829252 ,Moretys Boutique
JIEFEIfashion,C,4788962136488 ,JIEFEIfashion
duoniu,N,634418211169042 ,Duo Zhi Niu
黄珍,N,634418214842847 ,Daily Ciothing
Crazy Lady,N,6206936226907 ,Crazy Lady
LAN FENG LIN-吉尔奇/毛织,C,634418212046346 ,LAN FENG LIN-吉尔奇/毛织
kala fashion,N,634418211093604 ,kala fashion
SUSULING,N,634418210725254 ,SUSULING-备货JIT
SUSULING,N,634418210737692 ,LINGLILI-数码满印定向
SUSULING,N,634418217756563 ,Womens Shirt One
EYOGO,N,5456617895995 ,EYOGO
Yiyayou,N,5283201211704 ,Yiyayou
Yiyayou,N,634418212083113 ,lodey
Shimmer S,N,634418217379760 ,Shimmer S
nuomeifushi,N,6296341389263 ,nuomeifushi
Camellia,N,634418211848920 ,Camellia womens dress
Bolat,N,634418210524257 ,Bolat
BTF 贸易商,N,2334895629174 ,BTF clothes 贸易商
BTF 贸易商,N,634418213214870 ,Share my daily SS
MZF,N,634418211841201 ,MZF FASHION
MZF,N,634418214244672 ,M Z F
好森,N,634418210697245 ,HAO SHEN-好森
CYNZ,N,634418211660918 ,CYNZ
CYNZ,N,634418213837956 ,Da Da NZ
three white pony,N,6312222653657 ,three white pony
Nine Zero trade,N,634418211827570 ,Nine Zero trade
Xia Zhimo C,N,5822207148806 ,Xia Zhimo C
Good Grain Clothing,N,2581605546381 ,Good Grain Clothing
CHICGIRL,N,634418211005838 ,CHICGIRL
FYW,N,2747634142872 ,FYW
ZeroBeatiful,N,634418213018258 ,ZeroBeatiful
XINLEJI,N,634418210919529 ,XINLEJI（家居）
林波,N,4833825573699 ,linbo-林波
ZYIOF,N,634418213894018 ,ZYIOF
FAMZ,N,5192784613358 ,FAMZ
FAMZ,N,634418212764883 ,FAMZFUZHUANG
NobleLady,N,4999963674724 ,NobleLady
CZLZY,N,634418210113723 ,CZLZY
FSDA,N,634418210733636 ,FSDA
EBLS,N,634418213721915 ,EBLS
Urban Elegance,N,634418212490533 ,Urban Elegance
Urban Elegance,N,634418215507701 ,CozyChic Boutique
ModaBelle,N,634418210926505 ,ModaBelle
ModaBelle,N,634418212688787 ,StellarStyle Tees
Jofinom,N,634418212015410 ,Jofinom
Lao Qi,N,5725489623196 ,Lao Qi
youjiali,N,1734224487 ,youjiali
youjiali,N,634418212649917 ,Think about your desired attir
TOSSY,N,2637951476330 ,TOSSY  江浙做连体衣 针织 黑人性风
Elegant princess clothing,N,634418212275382 ,Elegant princess clothing
ahlsen,N,311082294758 ,ahlsen
伯余 URSmart Fashion,N,634418213561615 ,URSmart Fashion
Weeksix,N,634418211982972 ,Weeksix
lijinbaihuo,N,634418211069570 ,lijinbaihuo
佳润,N,634418210670214 ,DISCC
GESSIN,N,634418212014129 ,GESSIN
营丽,N,673154597957 ,Hightop
SHANYUNFANG,N,634418212084240 ,SHANYUNFANG
SimpleElegance,N,634418211871691 ,SimpleElegance
About womens clothing,N,117493024949 ,About womens clothing
Dream Xin,N,6313987190196 ,Dream Xin
众致,N,634418212324294 ,Wonderful moment-众致-兰仔
FL Sweater（千色介绍）,N,634418211823235 ,FL Sweater（千色介绍）
rui rui,N,1205116942141 ,The catalpa rui rui
Lady Luck,N,5961950749370 ,Lady Luck
金匠,N,634418212430514 ,zhuanduoduo
佳美,N,5147640658364 ,Jiamei Global
Yuyufsyz,N,634418213995192 ,Yuyufsyz
BMFashion,N,634418212300668 ,BMFashion
BMFashion,N,35812623075 ,ZX fashion
JAYCY,N,634418211224992 ,JAYCY
YUQI DRESSES,N,634418211903165 ,YUQI DRESSES
loka,N,4538221985519 ,loka
C Crush,N,634418211485153 ,C Crush
森迪,N,6034319395415 ,benshi
kuoandyi,N,634418211680125 ,kuoandyi
芊芊子,N,634418225861695 ,Yanyan niao
AYUjie,N,634418221668697 ,AYUjie
雷总-周定辉推荐,N,634418212130062 ,Rayke
雷总-周定辉推荐,N,634418214100556 ,MuCong
阿甘,N,6120433059386 ,AGFS 阿甘
阿甘,N,634418212056436 ,shi shang chao liu 阿甘
Sailusheng,N,634418212143704 ,Sailusheng
铭悦,N,634418212664296 ,Mingyue Fashion
铭悦,N,634418212716923 ,Yueming Fashion
铭悦,N,634418214810452 ,Ming New Fashion Style
义乌 凤至,N,634418222405135 ,FZFS
汪洋,N,634418221049884 ,yangST
老罗朋友-Samier,N,634418211579572 ,Samier
老罗朋友-Samier,N,634418212193901 ,JOEY DANER
段钢 QingDaiFuShi,N,634418222847006 ,QingDaiFuShi
Zhenyidou,N,634418221429491 ,Zhenyidou
YOUANMEI,N,634418220422861 ,YOUANMEI
yishangfeiyang,N,634418222021792 ,yishangfeiyang
YiRMei,N,634418224562170 ,YiRMei
yingyueyue,N,6103448252700 ,yingyueyue
YING RAN CLOTHING,N,634418224317528 ,YING RAN CLOTHING
yiliyuani,N,634418223005493 ,yiliyuani
YIJILI,N,634418221447595 ,YIJILI
Yifui,N,634418220978840 ,Yifui
Yifell,N,634418223857953 ,Yifell
Tengxinmei,N,634418224163623 ,Tengxinmei
sanqianyi,N,634418223791466 ,sanqianyi
Qiaoyifushi,N,634418223450467 ,Qiaoyifushi
qianjunmei,N,634418221039209 ,qianjunmei
Y X H,N,634418221653040 ,Y X H
宏福,N,634418222719170 ,mandifushi
Lianchengfushi,N,634418220788708 ,Lianchengfushi
辰天,N,634418223514080 ,YIWAN FASHION
add up,N,634418214179135 ,Activity
add up,N,634418213974700 ,Chiduan
DS Bontique,N,634418222691248 ,DS Bontique
滚哥,N,634418222043340 ,MANZHUNATIE
恩蓝服装,N,634418222899050 ,NOEMA
兆鼎纺织,N,634418223693056 ,MORELMR
VINISIREN,N,634418211328929 ,VINISIREN
XINKAIJ,N,634418223354432 ,XINKAIJ
周昆昆,N,634418224025575 ,UNIH Women Clothing
周昆昆（单独对接）,N,634418225646809 ,KNIFE MAN clothing
周昆昆（单独对接）,N,634418225949937 ,Chic NQuality
周昆昆（单独对接）,N,634418226115620 ,yimi Specialty
周昆昆（单独对接）,N,634418226254812 ,Wear inexpensive clothing
米亚-许辉,N,634418223818971 ,TrendyMiYa
BLOSSOM,N,634418224004640 ,URBAN BLOSSOM
BLOSSOM,N,634418225881943 ,MEDECOO
DongYang,N,634418224987866 ,DongYangTrappings
LIJUN WANG,N,634418224988022 ,LIJUN WANG
QingYi QingShe,N,634418221517207 ,QingYi QingShe
QingYi QingShe,N,634418222547604 ,LiLiFashion
QingYi QingShe,N,634418222651591 ,TiTiFashion
阿虎-MAIDUXIU,N,634418220783972 ,MAIDUXIU
Getting rich,N,634418220370008 ,Getting rich suddenly leads to wealth
A concubine,N,634418214851553 ,A concubine
A concubine,N,634418216835338 ,Fashionista Crossroads
A concubine,N,634418217253826 ,Stephanie Girls
Gz CLY,N,634418217114396 ,Gz CLY
Gz CLY,N,634418218330038 ,OZ CLY
JUEDAI,N,634418221101795 ,JUEDAI JIAREN
Chenghan,N,634418219154251 ,Chenghan wardrobe
Rider,N,634418214441005 ,Rider Ecommercial company
Naceing-Feel ing,N,634418215748767 ,Feel ing
Yueranqiu,N,634418221681393 ,Yueranqiu Fashion
提里奥弗丁,N,634418218397951 ,Elegant Me
Reset A,N,634418218460334 ,Reset A
Pear blossom,N,634418218942567 ,Pear blossom
赖奕安-赖总,N,634418218848664 ,developerevelope
赖奕安-赖总,N,634418219406964 ,Qingteng
赖奕安-赖总,N,634418219538901 ,July meteor
ikonw,N,634418219374038 ,ikonw
Oliiya Clothing,N,634418214133038 ,Oliiya Clothing
Oliiya Clothing,N,634418214424363 ,KALIE Clothing
厦门销四方,N,634418220241555 ,ZHAOWENLI ST
Tian Qiao,N,634418220378534 ,Tian Qiao Clothing
曹总-欧丰美服饰,N,634418220378688 ,Shang Chunxuan
PJYHfashion,N,634418220198643 ,PJYHfashion
织也服饰,N,634418220213365 ,Fufu x Shop
织也服饰,N,634418220212131 ,Passion Knit
白泽,N,634418214728959 ,Lele clothes studio
Wulibike,N,634418220444481 ,Wulibike shop
万贾,N,634418220185667 ,HG hey
万贾,N,634418220187644 ,Sensation Style
万贾,N,634418220187410 ,Cocolin Style
万贾,N,634418220187242 ,Lotoo Style
万贾,N,634418220186627 ,Buna Style
万贾,N,634418220186345 ,Under me
奥伦提,N,634418220498211 ,oritick
Sky Goose,N,634418220505325 ,Sky Goose Clothing
程亚,N,4205920393016 ,Neandi clothing
程亚,N,4205921468441 ,Awesome Selection - Neandi clothing
李振宇 Hanlee,N,634418221119430 ,Hanlee
李振宇 Hanlee,N,634418221357932 ,hanleeasia
ababy,N,634418220862509 ,Glamou
Perfect charm,N,634418220875726 ,YC Fifst Meeting
希,N,634418220976367 ,XYFSTTDM
Elegancea,N,634418221919992 ,Elegancea
JIYUMEI,N,634418222213009 ,JIYUMEI
Mr Zhao 佛山,N,634418221031335 ,GlobalThreeads
QiD Direct,N,634418220939456 ,QiD Direct
木易杨 BoldNova,N,634418220990761 ,BoldNova
木易杨 BoldNova,N,634418221520161 ,CurvaLuxe
SHUMIANJIAJUGUAN,N,634418221006811 ,SHUMIANJIAJUGUAN
艾菲儿,N,634418221033704 ,MerchantWave
胡彬彬,N,634418220983666 ,Baizhen sweater
Perfect Woman,N,634418220984989 ,Perfect Woman Life Hall
奔踏-LOLC,N,634418221045764 ,LOLC
嵘,N,634418220664639 ,RIVEN FASHION SHOP
Yancy Belle Boutique shop,N,634418221047018 ,Yancy Belle Boutique shop
凯旋 Striking,N,634418221087681 ,Striking Avenue
Soft Whisper Bra,N,634418214049258 ,Soft Whisper Bra
happy ciothes,N,634418220996038 ,happy ciothes
GZLZFS,N,634418221216011 ,GZLZFS
熊静的弟弟,N,634418221068905 ,TWG GARMENT
凯迪TeMu,N,634418221017379 ,tmOkABC
朱龙-朱总,N,634418221050984 ,DL LUCK
Lock love,N,634418221041888 ,Lock love
Mina womens dress,N,634418221291635 ,Mina womens dress
Jojo,N,634418220596182 ,jojozhang
东莞市焕荣服饰,N,634418221022205 ,Huanrong Appareal
旅依-刺绣,N,634418221023510 ,Travel with you
MMYX TO WEN,N,634418221020882 ,MMYX TO WEN
WQ TSHIRT,N,634418220989245 ,WQ TSHIRT
beautyyyyB,N,634418221037860 ,beautyyyyB
CHAUICHI,N,634418220971471 ,CHAUICHI
christmas,N,634418220893059 ,christmas dreamtraveler
JIANWE,N,634418221047193 ,JIANWE
Xin-朋,N,4875922147887 ,Xin Excellence
红茶服饰,N,634418221040346 ,ChicWear Haven
VIEITS,N,634418220956017 ,VIEITS
HefengLi,N,634418221288190 ,HefengLi
Pxiaomu,N,634418220344585 ,Pxiaomu
Dreamette,N,634418221037323 ,Dreamette
悦宁服装,N,634418219297467 ,OJY CLOTHES
悦宁服装,N,634418221197653 ,youngkk
别俊杰,N,634418222137368 ,Bie jun jie
安邦制衣厂-皮克斯,N,634418221312961 ,Gemini Clothing Factory
罗敏,N,634418221366002 ,ROMANYI
林伟,N,634418220858159 ,The High Qualit
赤赤,N,634418221426329 ,BlackArmada Femme
LPODAQ,N,634418219761850 ,LPODAQ
莫莫,N,634418221519155 ,xieyiyuan
姚总-潮汕,N,634418221472759 ,Nova Threads
姚总-潮汕,N,634418221632592 ,Nova Threads Two
姚总-潮汕,N,634418221877725 ,Nova Threads Three
二玖 富鑫服饰,N,634418221609013 ,ER JIU
WardrobeWhisper,N,634418221630517 ,WardrobeWhisper
Zongjun,N,634418221551493 ,Zongjun
HIKONSHOP,N,634418221616326 ,HIKONSHOP
兜兜,N,634418219316400 ,My warm room
Muzixi,N,634418220980142 ,Muzixi
XiaoSenyy,N,634418221575043 ,XiaoSenyy
Lunar SD,N,634418221681121 ,Lunar SD
CitriGrain,N,634418221717228 ,CitriGrain
缪总,N,634418221740165 ,LadyParadise
Geese fly north 阿文,N,634418221661344 ,Geese fly north
CHENHHua,N,634418221742894 ,CHENHHua
Yumo women,N,634418221540667 ,Yumo women clothes
Stretch soul Flex,N,634418221797640 ,Stretch soul Flex Leggings Shop
SheEnVogue,N,634418221774667 ,SheEnVogue
Yuanji,N,634418221814445 ,Yuanji
li zhi wen,N,634418221651451 ,li zhi wen
LUCKYGIRL 刘杨,N,634418221656258 ,LUCKYGIRL FASHION COMPANY
黄静静-HYJFS,N,634418221819544 ,HYJFS
美菲衣,N,5983895024243 ,Meifeiyuan
欧依美,N,634418221842161 ,Belle Closet
Falling Water Pilion,N,634418209452158 ,Falling Water Pilion
Lanling,N,634418221739149 ,Lanling clothing
艾格布菲服饰,N,634418217968177 ,AIGEBUFEI
YJMZC,N,634418221882966 ,YJMZC
bu hui,N,634418221984975 ,bu hui
小马哦,N,634418222002461 ,Qi Shi Fashion
依图服饰,N,634418222006297 ,YiNuoBuFan
大施兄,N,634418222003111 ,huiwas
Cute womens,N,634418222051865 ,Cute womens clothing
鸣杨白墨烫画,N,634418221722170 ,yanglaotou
孙忍 孙总,N,38970674170 ,Sun Y
Femme Couture 刺绣,N,634418221666135 ,Femme Couture
MANGZZI服饰旗舰店,N,634418222077481 ,HUAZHILINL
nuanrongji,N,634418222031907 ,nuanrongji
七点半,N,634418221987217 ,ggfs
张洪,N,634418222136142 ,JCSL
张洪,N,634418222132212 ,LBSY
东东朋友圈子-杭州,N,634418222138147 ,Dingyaofs
Urban Mirage,N,634418222012399 ,Urban Mirage
赵子旭 QIZEN,N,634418222209024 ,QIZEN
程卓飞,N,634418222194332 ,snapstyle
workclothes,N,634418221687535 ,workclothes
Walkright,N,634418222240852 ,Walkright
Qianxia,N,634418222235561 ,Qianxia Clothing
MIANHUA,N,634418218347364 ,MIANHUA TOWNSHIP
龙凯,N,634418222331486 ,XDZ
meet Girls,N,842834723425 ,meet Girls
涛子,N,634418222281316 ,wooddwa
欧雅服装,N,634418222409282 ,Yiya Ou
王元,N,634418222860377 ,NOVAE CHIC
LCB LUCK,N,634418222392782 ,LCB LUCK
XUSHENTEN,N,634418221678531 ,XUSHENTEN
拓思,N,634418222396730 ,ehoul
Davein,N,634418222433805 ,Davein
tant,N,3943248809362 ,Bud has highend customization
Artware Hose,N,634418219016214 ,Artware Hose
徐园,N,634418222190839 ,YAN YU KUAI
Miss Coco,N,634418222559614 ,DOUDOU COCO
maomao,N,634418222566212 ,maomaoClothes
Retro,N,634418221677362 ,Retro Commerce
ZHIQIDONGLAI,N,634418222249537 ,ZHIQIDONGLAI
黄总 dongguangfs,N,634418222626492 ,dongguangfs
牧言,N,634418222399318 ,Pomelos berry
树业毛织,N,634418222536914 ,KNITTIME
阿土服饰,N,634418221576743 ,Atus fuel rice oil and salt hall
Pure Lucks,N,634418222645601 ,Pure Lucks
Elonana,N,634418222507670 ,Elonana
吴总-wh,N,634418222464929 ,wushihua
Junli pants,N,634418222145670 ,Junli pants
caixiahu,N,634418222711233 ,Dongguan Haoxue
法兰雅皮草,N,634418222710344 ,ZenithWorks
新佳洪,N,634418222548863 ,Ha Er Fashion Denim
美唛,N,634418222714197 ,Meimo Garment Factory
宜雨熙服饰,N,634418222665871 ,
佳轩网络,N,634418222788622 ,RosetteCLS
这里织语,N,634418222802542 ,StyleHere
狼图腾,N,634418222174496 ,Kunkundress
Threewood,N,634418219702055 ,Threewood Fashion
GZQFN,N,634418222723433 ,GZQFN
百依百顺,N,634418222949974 ,Bybsf
ZHANG SHI,N,634418221660927 ,ZHANG SHI
DIIIII,N,634418223005364 ,DIIIII
小杨服饰,N,634418223017249 ,MILEGI FASHION
欣欣服饰,N,634418222685363 ,pessomjune
Zhidian,N,634418223131288 ,Zhidian Grace
Zhidian,N,634418223127354 ,Zhidian Charm
TAILREDTEES,N,634418221030048 ,TAILREDTEES
dtfdiy,N,634418221667711 ,dtfdiy
TEEVEN LUKE,N,634418218943008 ,TEEVEN LUKE SHOP
谢权,N,634418223758873 ,BAIZHOUFUZHUANG
Chicclusive,N,634418223782336 ,Chicclusive
大克拉,N,634418223796169 ,Eexcellent clothes
布衣,N,634418223798717 ,Buyi fashion
顶坨,N,634418211220648 ,Beautiful said
Vivien Clothing,N,634418223700593 ,Vivien Clothing
Senrun Fashion,N,634418223687809 ,Senrun Fashion
hengyuanrui,N,634418223712406 ,hengyuanrui
Dahong Trading Company,N,634418223824200 ,Dahong Trading Company
Linda,N,634418223930562 ,Nova lvy
龙潭,N,634418223939427 ,DAMAMA
Yans,N,634418223926796 ,Yans family
汕头 New Smart,N,634418212818249 ,New Smart Assembly
Muchan,N,634418223888106 ,Muchan
Zenith,N,634418223904623 ,Zenith Yogas
HENGHELI,N,634418223932043 ,HENGHELI
Wovenly,N,634418224007710 ,Wovenly
Dime Threads,N,5035525932529 ,Dime Threads
Elegant,N,634418215369081 ,Elegant Plus
ZenithWear,N,634418221667784 ,ZenithWear
Maiuvia,N,634418224142773 ,Maiuvia
HappYFamiIY,N,634418223454929 ,HappYFamiIY
MayYuOne,N,634418224158403 ,MayYuOne
泉州 禾旭,N,634418223903369 ,kaibofuzhuang
DeenStyle,N,634418224263681 ,DeenStyle
黄猛,N,634418224311239 ,HSL Sweater
Vazo,N,634418224430384 ,Vazo Apparel Factory
camisole,N,634418224018896 ,sexy camisole
雅轩阁,N,634418224534715 ,yuebaoge
雅轩阁,N,634418212766097 ,
Apparelacd,N,634418224526811 ,Fashion Women Apparelacd
Customied,N,634418224498696 ,Customied clothing
铭航服饰 梁总,N,634418224583163 ,Chenyue Clo
SolunaLILY,N,634418224597356 ,SolunaLILY
Turikumwe,N,634418224188343 ,Turikumwe
Peach Grace,N,634418224624954 ,Peach Grace
Quncai,N,634418221539255 ,Quncai Fashion Clothing
JUMIN,N,191501730591 ,JUMIN
Mahule,N,634418224810685 ,Mahule
彭泽宇,N,634418224581687 ,cecefushi
Doudoufa,N,634418224826759 ,Doudoufa
Qin Ya Ge,N,634418222655755 ,Qin Ya Ge
